ERROR - 2025-11-03 05:54:14 --> Error connecting to the database: mysqli_sql_exception: Plugin 'mysql_native_password' is not loaded in C:\laragon\www\crud\system\Database\MySQLi\Connection.php:201
Stack trace:
#0 C:\laragon\www\crud\system\Database\MySQLi\Connection.php(201): mysqli->real_connect('localhost', '', Object(SensitiveParameterValue), '', 3306, '', 0)
#1 C:\laragon\www\crud\system\Database\BaseConnection.php(419): CodeIgniter\Database\MySQLi\Connection->connect(false)
#2 C:\laragon\www\crud\system\Database\BaseConnection.php(614): CodeIgniter\Database\BaseConnection->initialize()
#3 C:\laragon\www\crud\system\Database\BaseBuilder.php(1649): CodeIgniter\Database\BaseConnection->query('SELECT *\nFROM `...', Array, false)
#4 C:\laragon\www\crud\system\Model.php(286): CodeIgniter\Database\BaseBuilder->get()
#5 C:\laragon\www\crud\system\BaseModel.php(677): CodeIgniter\Model->doFindAll(0, 0)
#6 C:\laragon\www\crud\app\Controllers\C_carros.php(11): CodeIgniter\BaseModel->findAll()
#7 C:\laragon\www\crud\system\CodeIgniter.php(933): App\Controllers\C_carros->index()
#8 C:\laragon\www\crud\system\CodeIgniter.php(507): CodeIgniter\CodeIgniter->runController(Object(App\Controllers\C_carros))
#9 C:\laragon\www\crud\system\CodeIgniter.php(354): CodeIgniter\CodeIgniter->handleRequest(NULL, Object(Config\Cache), false)
#10 C:\laragon\www\crud\system\Boot.php(363): CodeIgniter\CodeIgniter->run()
#11 C:\laragon\www\crud\system\Boot.php(68): CodeIgniter\Boot::runCodeIgniter(Object(CodeIgniter\CodeIgniter))
#12 C:\laragon\www\crud\public\index.php(59): CodeIgniter\Boot::bootWeb(Object(Config\Paths))
#13 {main}

Next CodeIgniter\Database\Exceptions\DatabaseException: Plugin 'mysql_native_password' is not loaded in C:\laragon\www\crud\system\Database\MySQLi\Connection.php:246
Stack trace:
#0 C:\laragon\www\crud\system\Database\BaseConnection.php(419): CodeIgniter\Database\MySQLi\Connection->connect(false)
#1 C:\laragon\www\crud\system\Database\BaseConnection.php(614): CodeIgniter\Database\BaseConnection->initialize()
#2 C:\laragon\www\crud\system\Database\BaseBuilder.php(1649): CodeIgniter\Database\BaseConnection->query('SELECT *\nFROM `...', Array, false)
#3 C:\laragon\www\crud\system\Model.php(286): CodeIgniter\Database\BaseBuilder->get()
#4 C:\laragon\www\crud\system\BaseModel.php(677): CodeIgniter\Model->doFindAll(0, 0)
#5 C:\laragon\www\crud\app\Controllers\C_carros.php(11): CodeIgniter\BaseModel->findAll()
#6 C:\laragon\www\crud\system\CodeIgniter.php(933): App\Controllers\C_carros->index()
#7 C:\laragon\www\crud\system\CodeIgniter.php(507): CodeIgniter\CodeIgniter->runController(Object(App\Controllers\C_carros))
#8 C:\laragon\www\crud\system\CodeIgniter.php(354): CodeIgniter\CodeIgniter->handleRequest(NULL, Object(Config\Cache), false)
#9 C:\laragon\www\crud\system\Boot.php(363): CodeIgniter\CodeIgniter->run()
#10 C:\laragon\www\crud\system\Boot.php(68): CodeIgniter\Boot::runCodeIgniter(Object(CodeIgniter\CodeIgniter))
#11 C:\laragon\www\crud\public\index.php(59): CodeIgniter\Boot::bootWeb(Object(Config\Paths))
#12 {main}
CRITICAL - 2025-11-03 05:54:14 --> CodeIgniter\Database\Exceptions\DatabaseException: Unable to connect to the database.
Main connection [MySQLi]: Plugin 'mysql_native_password' is not loaded
[Method: GET, Route: r]
in SYSTEMPATH\Database\BaseConnection.php on line 465.
 1 SYSTEMPATH\Database\BaseConnection.php(614): CodeIgniter\Database\BaseConnection->initialize()
 2 SYSTEMPATH\Database\BaseBuilder.php(1649): CodeIgniter\Database\BaseConnection->query('SELECT *
FROM `carros`
ORDER BY `ID` ASC', [], false)
 3 SYSTEMPATH\Model.php(286): CodeIgniter\Database\BaseBuilder->get()
 4 SYSTEMPATH\BaseModel.php(677): CodeIgniter\Model->doFindAll(0, 0)
 5 APPPATH\Controllers\C_carros.php(11): CodeIgniter\BaseModel->findAll()
 6 SYSTEMPATH\CodeIgniter.php(933): App\Controllers\C_carros->index()
 7 SYSTEMPATH\CodeIgniter.php(507): CodeIgniter\CodeIgniter->runController(Object(App\Controllers\C_carros))
 8 SYSTEMPATH\CodeIgniter.php(354): CodeIgniter\CodeIgniter->handleRequest(null, Object(Config\Cache), false)
 9 SYSTEMPATH\Boot.php(363): CodeIgniter\CodeIgniter->run()
10 SYSTEMPATH\Boot.php(68): CodeIgniter\Boot::runCodeIgniter(Object(CodeIgniter\CodeIgniter))
11 FCPATH\index.php(59): CodeIgniter\Boot::bootWeb(Object(Config\Paths))
ERROR - 2025-11-03 05:57:12 --> Error connecting to the database: mysqli_sql_exception: Plugin 'mysql_native_password' is not loaded in C:\laragon\www\crud\system\Database\MySQLi\Connection.php:201
Stack trace:
#0 C:\laragon\www\crud\system\Database\MySQLi\Connection.php(201): mysqli->real_connect('localhost', '', Object(SensitiveParameterValue), '', 3306, '', 0)
#1 C:\laragon\www\crud\system\Database\BaseConnection.php(419): CodeIgniter\Database\MySQLi\Connection->connect(false)
#2 C:\laragon\www\crud\system\Database\BaseConnection.php(614): CodeIgniter\Database\BaseConnection->initialize()
#3 C:\laragon\www\crud\system\Database\BaseBuilder.php(1649): CodeIgniter\Database\BaseConnection->query('SELECT *\nFROM `...', Array, false)
#4 C:\laragon\www\crud\system\Model.php(286): CodeIgniter\Database\BaseBuilder->get()
#5 C:\laragon\www\crud\system\BaseModel.php(677): CodeIgniter\Model->doFindAll(0, 0)
#6 C:\laragon\www\crud\app\Controllers\C_carros.php(11): CodeIgniter\BaseModel->findAll()
#7 C:\laragon\www\crud\system\CodeIgniter.php(933): App\Controllers\C_carros->index()
#8 C:\laragon\www\crud\system\CodeIgniter.php(507): CodeIgniter\CodeIgniter->runController(Object(App\Controllers\C_carros))
#9 C:\laragon\www\crud\system\CodeIgniter.php(354): CodeIgniter\CodeIgniter->handleRequest(NULL, Object(Config\Cache), false)
#10 C:\laragon\www\crud\system\Boot.php(363): CodeIgniter\CodeIgniter->run()
#11 C:\laragon\www\crud\system\Boot.php(68): CodeIgniter\Boot::runCodeIgniter(Object(CodeIgniter\CodeIgniter))
#12 C:\laragon\www\crud\public\index.php(59): CodeIgniter\Boot::bootWeb(Object(Config\Paths))
#13 {main}

Next CodeIgniter\Database\Exceptions\DatabaseException: Plugin 'mysql_native_password' is not loaded in C:\laragon\www\crud\system\Database\MySQLi\Connection.php:246
Stack trace:
#0 C:\laragon\www\crud\system\Database\BaseConnection.php(419): CodeIgniter\Database\MySQLi\Connection->connect(false)
#1 C:\laragon\www\crud\system\Database\BaseConnection.php(614): CodeIgniter\Database\BaseConnection->initialize()
#2 C:\laragon\www\crud\system\Database\BaseBuilder.php(1649): CodeIgniter\Database\BaseConnection->query('SELECT *\nFROM `...', Array, false)
#3 C:\laragon\www\crud\system\Model.php(286): CodeIgniter\Database\BaseBuilder->get()
#4 C:\laragon\www\crud\system\BaseModel.php(677): CodeIgniter\Model->doFindAll(0, 0)
#5 C:\laragon\www\crud\app\Controllers\C_carros.php(11): CodeIgniter\BaseModel->findAll()
#6 C:\laragon\www\crud\system\CodeIgniter.php(933): App\Controllers\C_carros->index()
#7 C:\laragon\www\crud\system\CodeIgniter.php(507): CodeIgniter\CodeIgniter->runController(Object(App\Controllers\C_carros))
#8 C:\laragon\www\crud\system\CodeIgniter.php(354): CodeIgniter\CodeIgniter->handleRequest(NULL, Object(Config\Cache), false)
#9 C:\laragon\www\crud\system\Boot.php(363): CodeIgniter\CodeIgniter->run()
#10 C:\laragon\www\crud\system\Boot.php(68): CodeIgniter\Boot::runCodeIgniter(Object(CodeIgniter\CodeIgniter))
#11 C:\laragon\www\crud\public\index.php(59): CodeIgniter\Boot::bootWeb(Object(Config\Paths))
#12 {main}
CRITICAL - 2025-11-03 05:57:12 --> CodeIgniter\Database\Exceptions\DatabaseException: Unable to connect to the database.
Main connection [MySQLi]: Plugin 'mysql_native_password' is not loaded
[Method: GET, Route: r]
in SYSTEMPATH\Database\BaseConnection.php on line 465.
 1 SYSTEMPATH\Database\BaseConnection.php(614): CodeIgniter\Database\BaseConnection->initialize()
 2 SYSTEMPATH\Database\BaseBuilder.php(1649): CodeIgniter\Database\BaseConnection->query('SELECT *
FROM `carros`
ORDER BY `ID` ASC', [], false)
 3 SYSTEMPATH\Model.php(286): CodeIgniter\Database\BaseBuilder->get()
 4 SYSTEMPATH\BaseModel.php(677): CodeIgniter\Model->doFindAll(0, 0)
 5 APPPATH\Controllers\C_carros.php(11): CodeIgniter\BaseModel->findAll()
 6 SYSTEMPATH\CodeIgniter.php(933): App\Controllers\C_carros->index()
 7 SYSTEMPATH\CodeIgniter.php(507): CodeIgniter\CodeIgniter->runController(Object(App\Controllers\C_carros))
 8 SYSTEMPATH\CodeIgniter.php(354): CodeIgniter\CodeIgniter->handleRequest(null, Object(Config\Cache), false)
 9 SYSTEMPATH\Boot.php(363): CodeIgniter\CodeIgniter->run()
10 SYSTEMPATH\Boot.php(68): CodeIgniter\Boot::runCodeIgniter(Object(CodeIgniter\CodeIgniter))
11 FCPATH\index.php(59): CodeIgniter\Boot::bootWeb(Object(Config\Paths))
ERROR - 2025-11-03 05:57:35 --> Error connecting to the database: mysqli_sql_exception: Plugin 'mysql_native_password' is not loaded in C:\laragon\www\crud\system\Database\MySQLi\Connection.php:201
Stack trace:
#0 C:\laragon\www\crud\system\Database\MySQLi\Connection.php(201): mysqli->real_connect('localhost', '', Object(SensitiveParameterValue), '', 3306, '', 0)
#1 C:\laragon\www\crud\system\Database\BaseConnection.php(419): CodeIgniter\Database\MySQLi\Connection->connect(false)
#2 C:\laragon\www\crud\system\Database\BaseConnection.php(614): CodeIgniter\Database\BaseConnection->initialize()
#3 C:\laragon\www\crud\system\Database\BaseBuilder.php(1649): CodeIgniter\Database\BaseConnection->query('SELECT *\nFROM `...', Array, false)
#4 C:\laragon\www\crud\system\Model.php(286): CodeIgniter\Database\BaseBuilder->get()
#5 C:\laragon\www\crud\system\BaseModel.php(677): CodeIgniter\Model->doFindAll(0, 0)
#6 C:\laragon\www\crud\app\Controllers\C_carros.php(11): CodeIgniter\BaseModel->findAll()
#7 C:\laragon\www\crud\system\CodeIgniter.php(933): App\Controllers\C_carros->index()
#8 C:\laragon\www\crud\system\CodeIgniter.php(507): CodeIgniter\CodeIgniter->runController(Object(App\Controllers\C_carros))
#9 C:\laragon\www\crud\system\CodeIgniter.php(354): CodeIgniter\CodeIgniter->handleRequest(NULL, Object(Config\Cache), false)
#10 C:\laragon\www\crud\system\Boot.php(363): CodeIgniter\CodeIgniter->run()
#11 C:\laragon\www\crud\system\Boot.php(68): CodeIgniter\Boot::runCodeIgniter(Object(CodeIgniter\CodeIgniter))
#12 C:\laragon\www\crud\public\index.php(59): CodeIgniter\Boot::bootWeb(Object(Config\Paths))
#13 {main}

Next CodeIgniter\Database\Exceptions\DatabaseException: Plugin 'mysql_native_password' is not loaded in C:\laragon\www\crud\system\Database\MySQLi\Connection.php:246
Stack trace:
#0 C:\laragon\www\crud\system\Database\BaseConnection.php(419): CodeIgniter\Database\MySQLi\Connection->connect(false)
#1 C:\laragon\www\crud\system\Database\BaseConnection.php(614): CodeIgniter\Database\BaseConnection->initialize()
#2 C:\laragon\www\crud\system\Database\BaseBuilder.php(1649): CodeIgniter\Database\BaseConnection->query('SELECT *\nFROM `...', Array, false)
#3 C:\laragon\www\crud\system\Model.php(286): CodeIgniter\Database\BaseBuilder->get()
#4 C:\laragon\www\crud\system\BaseModel.php(677): CodeIgniter\Model->doFindAll(0, 0)
#5 C:\laragon\www\crud\app\Controllers\C_carros.php(11): CodeIgniter\BaseModel->findAll()
#6 C:\laragon\www\crud\system\CodeIgniter.php(933): App\Controllers\C_carros->index()
#7 C:\laragon\www\crud\system\CodeIgniter.php(507): CodeIgniter\CodeIgniter->runController(Object(App\Controllers\C_carros))
#8 C:\laragon\www\crud\system\CodeIgniter.php(354): CodeIgniter\CodeIgniter->handleRequest(NULL, Object(Config\Cache), false)
#9 C:\laragon\www\crud\system\Boot.php(363): CodeIgniter\CodeIgniter->run()
#10 C:\laragon\www\crud\system\Boot.php(68): CodeIgniter\Boot::runCodeIgniter(Object(CodeIgniter\CodeIgniter))
#11 C:\laragon\www\crud\public\index.php(59): CodeIgniter\Boot::bootWeb(Object(Config\Paths))
#12 {main}
CRITICAL - 2025-11-03 05:57:35 --> CodeIgniter\Database\Exceptions\DatabaseException: Unable to connect to the database.
Main connection [MySQLi]: Plugin 'mysql_native_password' is not loaded
[Method: GET, Route: r]
in SYSTEMPATH\Database\BaseConnection.php on line 465.
 1 SYSTEMPATH\Database\BaseConnection.php(614): CodeIgniter\Database\BaseConnection->initialize()
 2 SYSTEMPATH\Database\BaseBuilder.php(1649): CodeIgniter\Database\BaseConnection->query('SELECT *
FROM `carros`
ORDER BY `ID` ASC', [], false)
 3 SYSTEMPATH\Model.php(286): CodeIgniter\Database\BaseBuilder->get()
 4 SYSTEMPATH\BaseModel.php(677): CodeIgniter\Model->doFindAll(0, 0)
 5 APPPATH\Controllers\C_carros.php(11): CodeIgniter\BaseModel->findAll()
 6 SYSTEMPATH\CodeIgniter.php(933): App\Controllers\C_carros->index()
 7 SYSTEMPATH\CodeIgniter.php(507): CodeIgniter\CodeIgniter->runController(Object(App\Controllers\C_carros))
 8 SYSTEMPATH\CodeIgniter.php(354): CodeIgniter\CodeIgniter->handleRequest(null, Object(Config\Cache), false)
 9 SYSTEMPATH\Boot.php(363): CodeIgniter\CodeIgniter->run()
10 SYSTEMPATH\Boot.php(68): CodeIgniter\Boot::runCodeIgniter(Object(CodeIgniter\CodeIgniter))
11 FCPATH\index.php(59): CodeIgniter\Boot::bootWeb(Object(Config\Paths))
CRITICAL - 2025-11-03 05:58:02 --> ErrorException: Undefined variable $dat
[Method: GET, Route: r]
in APPPATH\Controllers\C_carros.php on line 13.
 1 APPPATH\Controllers\C_carros.php(13): CodeIgniter\Debug\Exceptions->errorHandler(2, 'Undefined variable $dat', 'C:\\laragon\\www\\crud\\app\\Controllers\\C_carros.php', 13)
 2 SYSTEMPATH\CodeIgniter.php(933): App\Controllers\C_carros->index()
 3 SYSTEMPATH\CodeIgniter.php(507): CodeIgniter\CodeIgniter->runController(Object(App\Controllers\C_carros))
 4 SYSTEMPATH\CodeIgniter.php(354): CodeIgniter\CodeIgniter->handleRequest(null, Object(Config\Cache), false)
 5 SYSTEMPATH\Boot.php(363): CodeIgniter\CodeIgniter->run()
 6 SYSTEMPATH\Boot.php(68): CodeIgniter\Boot::runCodeIgniter(Object(CodeIgniter\CodeIgniter))
 7 FCPATH\index.php(59): CodeIgniter\Boot::bootWeb(Object(Config\Paths))
CRITICAL - 2025-11-03 05:58:53 --> ErrorException: Undefined variable $carro
[Method: GET, Route: r]
in APPPATH\Views\carros\r.php on line 12.
 1 APPPATH\Views\carros\r.php(12): CodeIgniter\Debug\Exceptions->errorHandler(2, 'Undefined variable $carro', 'C:\\laragon\\www\\crud\\app\\Views\\carros\\r.php', 12)
 2 SYSTEMPATH\View\View.php(226): include('C:\\laragon\\www\\crud\\app\\Views\\carros\\r.php')
 3 SYSTEMPATH\View\View.php(229): CodeIgniter\View\View->CodeIgniter\View\{closure}()
 4 SYSTEMPATH\Common.php(1167): CodeIgniter\View\View->render('carros/r', [], true)
 5 APPPATH\Controllers\C_carros.php(13): view('carros/r')
 6 SYSTEMPATH\CodeIgniter.php(933): App\Controllers\C_carros->index()
 7 SYSTEMPATH\CodeIgniter.php(507): CodeIgniter\CodeIgniter->runController(Object(App\Controllers\C_carros))
 8 SYSTEMPATH\CodeIgniter.php(354): CodeIgniter\CodeIgniter->handleRequest(null, Object(Config\Cache), false)
 9 SYSTEMPATH\Boot.php(363): CodeIgniter\CodeIgniter->run()
10 SYSTEMPATH\Boot.php(68): CodeIgniter\Boot::runCodeIgniter(Object(CodeIgniter\CodeIgniter))
11 FCPATH\index.php(59): CodeIgniter\Boot::bootWeb(Object(Config\Paths))
ERROR - 2025-11-03 06:00:36 --> Error connecting to the database: mysqli_sql_exception: Plugin 'mysql_native_password' is not loaded in C:\laragon\www\crud\system\Database\MySQLi\Connection.php:201
Stack trace:
#0 C:\laragon\www\crud\system\Database\MySQLi\Connection.php(201): mysqli->real_connect('localhost', '', Object(SensitiveParameterValue), '', 3306, '', 0)
#1 C:\laragon\www\crud\system\Database\BaseConnection.php(419): CodeIgniter\Database\MySQLi\Connection->connect(false)
#2 C:\laragon\www\crud\system\Database\BaseConnection.php(614): CodeIgniter\Database\BaseConnection->initialize()
#3 C:\laragon\www\crud\system\Database\BaseBuilder.php(1649): CodeIgniter\Database\BaseConnection->query('SELECT *\nFROM `...', Array, false)
#4 C:\laragon\www\crud\system\Model.php(286): CodeIgniter\Database\BaseBuilder->get()
#5 C:\laragon\www\crud\system\BaseModel.php(677): CodeIgniter\Model->doFindAll(0, 0)
#6 C:\laragon\www\crud\app\Controllers\C_carros.php(11): CodeIgniter\BaseModel->findAll()
#7 C:\laragon\www\crud\system\CodeIgniter.php(933): App\Controllers\C_carros->index()
#8 C:\laragon\www\crud\system\CodeIgniter.php(507): CodeIgniter\CodeIgniter->runController(Object(App\Controllers\C_carros))
#9 C:\laragon\www\crud\system\CodeIgniter.php(354): CodeIgniter\CodeIgniter->handleRequest(NULL, Object(Config\Cache), false)
#10 C:\laragon\www\crud\system\Boot.php(363): CodeIgniter\CodeIgniter->run()
#11 C:\laragon\www\crud\system\Boot.php(68): CodeIgniter\Boot::runCodeIgniter(Object(CodeIgniter\CodeIgniter))
#12 C:\laragon\www\crud\public\index.php(59): CodeIgniter\Boot::bootWeb(Object(Config\Paths))
#13 {main}

Next CodeIgniter\Database\Exceptions\DatabaseException: Plugin 'mysql_native_password' is not loaded in C:\laragon\www\crud\system\Database\MySQLi\Connection.php:246
Stack trace:
#0 C:\laragon\www\crud\system\Database\BaseConnection.php(419): CodeIgniter\Database\MySQLi\Connection->connect(false)
#1 C:\laragon\www\crud\system\Database\BaseConnection.php(614): CodeIgniter\Database\BaseConnection->initialize()
#2 C:\laragon\www\crud\system\Database\BaseBuilder.php(1649): CodeIgniter\Database\BaseConnection->query('SELECT *\nFROM `...', Array, false)
#3 C:\laragon\www\crud\system\Model.php(286): CodeIgniter\Database\BaseBuilder->get()
#4 C:\laragon\www\crud\system\BaseModel.php(677): CodeIgniter\Model->doFindAll(0, 0)
#5 C:\laragon\www\crud\app\Controllers\C_carros.php(11): CodeIgniter\BaseModel->findAll()
#6 C:\laragon\www\crud\system\CodeIgniter.php(933): App\Controllers\C_carros->index()
#7 C:\laragon\www\crud\system\CodeIgniter.php(507): CodeIgniter\CodeIgniter->runController(Object(App\Controllers\C_carros))
#8 C:\laragon\www\crud\system\CodeIgniter.php(354): CodeIgniter\CodeIgniter->handleRequest(NULL, Object(Config\Cache), false)
#9 C:\laragon\www\crud\system\Boot.php(363): CodeIgniter\CodeIgniter->run()
#10 C:\laragon\www\crud\system\Boot.php(68): CodeIgniter\Boot::runCodeIgniter(Object(CodeIgniter\CodeIgniter))
#11 C:\laragon\www\crud\public\index.php(59): CodeIgniter\Boot::bootWeb(Object(Config\Paths))
#12 {main}
CRITICAL - 2025-11-03 06:00:36 --> CodeIgniter\Database\Exceptions\DatabaseException: Unable to connect to the database.
Main connection [MySQLi]: Plugin 'mysql_native_password' is not loaded
[Method: GET, Route: r]
in SYSTEMPATH\Database\BaseConnection.php on line 465.
 1 SYSTEMPATH\Database\BaseConnection.php(614): CodeIgniter\Database\BaseConnection->initialize()
 2 SYSTEMPATH\Database\BaseBuilder.php(1649): CodeIgniter\Database\BaseConnection->query('SELECT *
FROM `carros`
ORDER BY `ID` ASC', [], false)
 3 SYSTEMPATH\Model.php(286): CodeIgniter\Database\BaseBuilder->get()
 4 SYSTEMPATH\BaseModel.php(677): CodeIgniter\Model->doFindAll(0, 0)
 5 APPPATH\Controllers\C_carros.php(11): CodeIgniter\BaseModel->findAll()
 6 SYSTEMPATH\CodeIgniter.php(933): App\Controllers\C_carros->index()
 7 SYSTEMPATH\CodeIgniter.php(507): CodeIgniter\CodeIgniter->runController(Object(App\Controllers\C_carros))
 8 SYSTEMPATH\CodeIgniter.php(354): CodeIgniter\CodeIgniter->handleRequest(null, Object(Config\Cache), false)
 9 SYSTEMPATH\Boot.php(363): CodeIgniter\CodeIgniter->run()
10 SYSTEMPATH\Boot.php(68): CodeIgniter\Boot::runCodeIgniter(Object(CodeIgniter\CodeIgniter))
11 FCPATH\index.php(59): CodeIgniter\Boot::bootWeb(Object(Config\Paths))
ERROR - 2025-11-03 06:36:29 --> Error connecting to the database: mysqli_sql_exception: Plugin 'mysql_native_password' is not loaded in C:\laragon\www\crud\system\Database\MySQLi\Connection.php:201
Stack trace:
#0 C:\laragon\www\crud\system\Database\MySQLi\Connection.php(201): mysqli->real_connect('localhost', '', Object(SensitiveParameterValue), '', 3306, '', 0)
#1 C:\laragon\www\crud\system\Database\BaseConnection.php(419): CodeIgniter\Database\MySQLi\Connection->connect(false)
#2 C:\laragon\www\crud\system\Database\BaseConnection.php(614): CodeIgniter\Database\BaseConnection->initialize()
#3 C:\laragon\www\crud\system\Database\BaseBuilder.php(1649): CodeIgniter\Database\BaseConnection->query('SELECT *\nFROM `...', Array, false)
#4 C:\laragon\www\crud\system\Model.php(286): CodeIgniter\Database\BaseBuilder->get()
#5 C:\laragon\www\crud\system\BaseModel.php(677): CodeIgniter\Model->doFindAll(0, 0)
#6 C:\laragon\www\crud\app\Controllers\C_carros.php(11): CodeIgniter\BaseModel->findAll()
#7 C:\laragon\www\crud\system\CodeIgniter.php(933): App\Controllers\C_carros->index()
#8 C:\laragon\www\crud\system\CodeIgniter.php(507): CodeIgniter\CodeIgniter->runController(Object(App\Controllers\C_carros))
#9 C:\laragon\www\crud\system\CodeIgniter.php(354): CodeIgniter\CodeIgniter->handleRequest(NULL, Object(Config\Cache), false)
#10 C:\laragon\www\crud\system\Boot.php(363): CodeIgniter\CodeIgniter->run()
#11 C:\laragon\www\crud\system\Boot.php(68): CodeIgniter\Boot::runCodeIgniter(Object(CodeIgniter\CodeIgniter))
#12 C:\laragon\www\crud\public\index.php(59): CodeIgniter\Boot::bootWeb(Object(Config\Paths))
#13 {main}

Next CodeIgniter\Database\Exceptions\DatabaseException: Plugin 'mysql_native_password' is not loaded in C:\laragon\www\crud\system\Database\MySQLi\Connection.php:246
Stack trace:
#0 C:\laragon\www\crud\system\Database\BaseConnection.php(419): CodeIgniter\Database\MySQLi\Connection->connect(false)
#1 C:\laragon\www\crud\system\Database\BaseConnection.php(614): CodeIgniter\Database\BaseConnection->initialize()
#2 C:\laragon\www\crud\system\Database\BaseBuilder.php(1649): CodeIgniter\Database\BaseConnection->query('SELECT *\nFROM `...', Array, false)
#3 C:\laragon\www\crud\system\Model.php(286): CodeIgniter\Database\BaseBuilder->get()
#4 C:\laragon\www\crud\system\BaseModel.php(677): CodeIgniter\Model->doFindAll(0, 0)
#5 C:\laragon\www\crud\app\Controllers\C_carros.php(11): CodeIgniter\BaseModel->findAll()
#6 C:\laragon\www\crud\system\CodeIgniter.php(933): App\Controllers\C_carros->index()
#7 C:\laragon\www\crud\system\CodeIgniter.php(507): CodeIgniter\CodeIgniter->runController(Object(App\Controllers\C_carros))
#8 C:\laragon\www\crud\system\CodeIgniter.php(354): CodeIgniter\CodeIgniter->handleRequest(NULL, Object(Config\Cache), false)
#9 C:\laragon\www\crud\system\Boot.php(363): CodeIgniter\CodeIgniter->run()
#10 C:\laragon\www\crud\system\Boot.php(68): CodeIgniter\Boot::runCodeIgniter(Object(CodeIgniter\CodeIgniter))
#11 C:\laragon\www\crud\public\index.php(59): CodeIgniter\Boot::bootWeb(Object(Config\Paths))
#12 {main}
CRITICAL - 2025-11-03 06:36:29 --> CodeIgniter\Database\Exceptions\DatabaseException: Unable to connect to the database.
Main connection [MySQLi]: Plugin 'mysql_native_password' is not loaded
[Method: GET, Route: r]
in SYSTEMPATH\Database\BaseConnection.php on line 465.
 1 SYSTEMPATH\Database\BaseConnection.php(614): CodeIgniter\Database\BaseConnection->initialize()
 2 SYSTEMPATH\Database\BaseBuilder.php(1649): CodeIgniter\Database\BaseConnection->query('SELECT *
FROM `carros`
ORDER BY `ID` ASC', [], false)
 3 SYSTEMPATH\Model.php(286): CodeIgniter\Database\BaseBuilder->get()
 4 SYSTEMPATH\BaseModel.php(677): CodeIgniter\Model->doFindAll(0, 0)
 5 APPPATH\Controllers\C_carros.php(11): CodeIgniter\BaseModel->findAll()
 6 SYSTEMPATH\CodeIgniter.php(933): App\Controllers\C_carros->index()
 7 SYSTEMPATH\CodeIgniter.php(507): CodeIgniter\CodeIgniter->runController(Object(App\Controllers\C_carros))
 8 SYSTEMPATH\CodeIgniter.php(354): CodeIgniter\CodeIgniter->handleRequest(null, Object(Config\Cache), false)
 9 SYSTEMPATH\Boot.php(363): CodeIgniter\CodeIgniter->run()
10 SYSTEMPATH\Boot.php(68): CodeIgniter\Boot::runCodeIgniter(Object(CodeIgniter\CodeIgniter))
11 FCPATH\index.php(59): CodeIgniter\Boot::bootWeb(Object(Config\Paths))
ERROR - 2025-11-03 06:36:33 --> Error connecting to the database: mysqli_sql_exception: Plugin 'mysql_native_password' is not loaded in C:\laragon\www\crud\system\Database\MySQLi\Connection.php:201
Stack trace:
#0 C:\laragon\www\crud\system\Database\MySQLi\Connection.php(201): mysqli->real_connect('localhost', '', Object(SensitiveParameterValue), '', 3306, '', 0)
#1 C:\laragon\www\crud\system\Database\BaseConnection.php(419): CodeIgniter\Database\MySQLi\Connection->connect(false)
#2 C:\laragon\www\crud\system\Database\BaseConnection.php(614): CodeIgniter\Database\BaseConnection->initialize()
#3 C:\laragon\www\crud\system\Database\BaseBuilder.php(1649): CodeIgniter\Database\BaseConnection->query('SELECT *\nFROM `...', Array, false)
#4 C:\laragon\www\crud\system\Model.php(286): CodeIgniter\Database\BaseBuilder->get()
#5 C:\laragon\www\crud\system\BaseModel.php(677): CodeIgniter\Model->doFindAll(0, 0)
#6 C:\laragon\www\crud\app\Controllers\C_carros.php(11): CodeIgniter\BaseModel->findAll()
#7 C:\laragon\www\crud\system\CodeIgniter.php(933): App\Controllers\C_carros->index()
#8 C:\laragon\www\crud\system\CodeIgniter.php(507): CodeIgniter\CodeIgniter->runController(Object(App\Controllers\C_carros))
#9 C:\laragon\www\crud\system\CodeIgniter.php(354): CodeIgniter\CodeIgniter->handleRequest(NULL, Object(Config\Cache), false)
#10 C:\laragon\www\crud\system\Boot.php(363): CodeIgniter\CodeIgniter->run()
#11 C:\laragon\www\crud\system\Boot.php(68): CodeIgniter\Boot::runCodeIgniter(Object(CodeIgniter\CodeIgniter))
#12 C:\laragon\www\crud\public\index.php(59): CodeIgniter\Boot::bootWeb(Object(Config\Paths))
#13 {main}

Next CodeIgniter\Database\Exceptions\DatabaseException: Plugin 'mysql_native_password' is not loaded in C:\laragon\www\crud\system\Database\MySQLi\Connection.php:246
Stack trace:
#0 C:\laragon\www\crud\system\Database\BaseConnection.php(419): CodeIgniter\Database\MySQLi\Connection->connect(false)
#1 C:\laragon\www\crud\system\Database\BaseConnection.php(614): CodeIgniter\Database\BaseConnection->initialize()
#2 C:\laragon\www\crud\system\Database\BaseBuilder.php(1649): CodeIgniter\Database\BaseConnection->query('SELECT *\nFROM `...', Array, false)
#3 C:\laragon\www\crud\system\Model.php(286): CodeIgniter\Database\BaseBuilder->get()
#4 C:\laragon\www\crud\system\BaseModel.php(677): CodeIgniter\Model->doFindAll(0, 0)
#5 C:\laragon\www\crud\app\Controllers\C_carros.php(11): CodeIgniter\BaseModel->findAll()
#6 C:\laragon\www\crud\system\CodeIgniter.php(933): App\Controllers\C_carros->index()
#7 C:\laragon\www\crud\system\CodeIgniter.php(507): CodeIgniter\CodeIgniter->runController(Object(App\Controllers\C_carros))
#8 C:\laragon\www\crud\system\CodeIgniter.php(354): CodeIgniter\CodeIgniter->handleRequest(NULL, Object(Config\Cache), false)
#9 C:\laragon\www\crud\system\Boot.php(363): CodeIgniter\CodeIgniter->run()
#10 C:\laragon\www\crud\system\Boot.php(68): CodeIgniter\Boot::runCodeIgniter(Object(CodeIgniter\CodeIgniter))
#11 C:\laragon\www\crud\public\index.php(59): CodeIgniter\Boot::bootWeb(Object(Config\Paths))
#12 {main}
CRITICAL - 2025-11-03 06:36:33 --> CodeIgniter\Database\Exceptions\DatabaseException: Unable to connect to the database.
Main connection [MySQLi]: Plugin 'mysql_native_password' is not loaded
[Method: GET, Route: r]
in SYSTEMPATH\Database\BaseConnection.php on line 465.
 1 SYSTEMPATH\Database\BaseConnection.php(614): CodeIgniter\Database\BaseConnection->initialize()
 2 SYSTEMPATH\Database\BaseBuilder.php(1649): CodeIgniter\Database\BaseConnection->query('SELECT *
FROM `carros`
ORDER BY `ID` ASC', [], false)
 3 SYSTEMPATH\Model.php(286): CodeIgniter\Database\BaseBuilder->get()
 4 SYSTEMPATH\BaseModel.php(677): CodeIgniter\Model->doFindAll(0, 0)
 5 APPPATH\Controllers\C_carros.php(11): CodeIgniter\BaseModel->findAll()
 6 SYSTEMPATH\CodeIgniter.php(933): App\Controllers\C_carros->index()
 7 SYSTEMPATH\CodeIgniter.php(507): CodeIgniter\CodeIgniter->runController(Object(App\Controllers\C_carros))
 8 SYSTEMPATH\CodeIgniter.php(354): CodeIgniter\CodeIgniter->handleRequest(null, Object(Config\Cache), false)
 9 SYSTEMPATH\Boot.php(363): CodeIgniter\CodeIgniter->run()
10 SYSTEMPATH\Boot.php(68): CodeIgniter\Boot::runCodeIgniter(Object(CodeIgniter\CodeIgniter))
11 FCPATH\index.php(59): CodeIgniter\Boot::bootWeb(Object(Config\Paths))
ERROR - 2025-11-03 06:37:28 --> Error connecting to the database: mysqli_sql_exception: Plugin 'mysql_native_password' is not loaded in C:\laragon\www\crud\system\Database\MySQLi\Connection.php:201
Stack trace:
#0 C:\laragon\www\crud\system\Database\MySQLi\Connection.php(201): mysqli->real_connect('localhost', '', Object(SensitiveParameterValue), '', 3306, '', 0)
#1 C:\laragon\www\crud\system\Database\BaseConnection.php(419): CodeIgniter\Database\MySQLi\Connection->connect(false)
#2 C:\laragon\www\crud\system\Database\BaseConnection.php(614): CodeIgniter\Database\BaseConnection->initialize()
#3 C:\laragon\www\crud\system\Database\BaseBuilder.php(1649): CodeIgniter\Database\BaseConnection->query('SELECT *\nFROM `...', Array, false)
#4 C:\laragon\www\crud\system\Model.php(286): CodeIgniter\Database\BaseBuilder->get()
#5 C:\laragon\www\crud\system\BaseModel.php(677): CodeIgniter\Model->doFindAll(0, 0)
#6 C:\laragon\www\crud\app\Controllers\C_carros.php(11): CodeIgniter\BaseModel->findAll()
#7 C:\laragon\www\crud\system\CodeIgniter.php(933): App\Controllers\C_carros->index()
#8 C:\laragon\www\crud\system\CodeIgniter.php(507): CodeIgniter\CodeIgniter->runController(Object(App\Controllers\C_carros))
#9 C:\laragon\www\crud\system\CodeIgniter.php(354): CodeIgniter\CodeIgniter->handleRequest(NULL, Object(Config\Cache), false)
#10 C:\laragon\www\crud\system\Boot.php(363): CodeIgniter\CodeIgniter->run()
#11 C:\laragon\www\crud\system\Boot.php(68): CodeIgniter\Boot::runCodeIgniter(Object(CodeIgniter\CodeIgniter))
#12 C:\laragon\www\crud\public\index.php(59): CodeIgniter\Boot::bootWeb(Object(Config\Paths))
#13 {main}

Next CodeIgniter\Database\Exceptions\DatabaseException: Plugin 'mysql_native_password' is not loaded in C:\laragon\www\crud\system\Database\MySQLi\Connection.php:246
Stack trace:
#0 C:\laragon\www\crud\system\Database\BaseConnection.php(419): CodeIgniter\Database\MySQLi\Connection->connect(false)
#1 C:\laragon\www\crud\system\Database\BaseConnection.php(614): CodeIgniter\Database\BaseConnection->initialize()
#2 C:\laragon\www\crud\system\Database\BaseBuilder.php(1649): CodeIgniter\Database\BaseConnection->query('SELECT *\nFROM `...', Array, false)
#3 C:\laragon\www\crud\system\Model.php(286): CodeIgniter\Database\BaseBuilder->get()
#4 C:\laragon\www\crud\system\BaseModel.php(677): CodeIgniter\Model->doFindAll(0, 0)
#5 C:\laragon\www\crud\app\Controllers\C_carros.php(11): CodeIgniter\BaseModel->findAll()
#6 C:\laragon\www\crud\system\CodeIgniter.php(933): App\Controllers\C_carros->index()
#7 C:\laragon\www\crud\system\CodeIgniter.php(507): CodeIgniter\CodeIgniter->runController(Object(App\Controllers\C_carros))
#8 C:\laragon\www\crud\system\CodeIgniter.php(354): CodeIgniter\CodeIgniter->handleRequest(NULL, Object(Config\Cache), false)
#9 C:\laragon\www\crud\system\Boot.php(363): CodeIgniter\CodeIgniter->run()
#10 C:\laragon\www\crud\system\Boot.php(68): CodeIgniter\Boot::runCodeIgniter(Object(CodeIgniter\CodeIgniter))
#11 C:\laragon\www\crud\public\index.php(59): CodeIgniter\Boot::bootWeb(Object(Config\Paths))
#12 {main}
CRITICAL - 2025-11-03 06:37:28 --> CodeIgniter\Database\Exceptions\DatabaseException: Unable to connect to the database.
Main connection [MySQLi]: Plugin 'mysql_native_password' is not loaded
[Method: GET, Route: r]
in SYSTEMPATH\Database\BaseConnection.php on line 465.
 1 SYSTEMPATH\Database\BaseConnection.php(614): CodeIgniter\Database\BaseConnection->initialize()
 2 SYSTEMPATH\Database\BaseBuilder.php(1649): CodeIgniter\Database\BaseConnection->query('SELECT *
FROM `carros`
ORDER BY `ID` ASC', [], false)
 3 SYSTEMPATH\Model.php(286): CodeIgniter\Database\BaseBuilder->get()
 4 SYSTEMPATH\BaseModel.php(677): CodeIgniter\Model->doFindAll(0, 0)
 5 APPPATH\Controllers\C_carros.php(11): CodeIgniter\BaseModel->findAll()
 6 SYSTEMPATH\CodeIgniter.php(933): App\Controllers\C_carros->index()
 7 SYSTEMPATH\CodeIgniter.php(507): CodeIgniter\CodeIgniter->runController(Object(App\Controllers\C_carros))
 8 SYSTEMPATH\CodeIgniter.php(354): CodeIgniter\CodeIgniter->handleRequest(null, Object(Config\Cache), false)
 9 SYSTEMPATH\Boot.php(363): CodeIgniter\CodeIgniter->run()
10 SYSTEMPATH\Boot.php(68): CodeIgniter\Boot::runCodeIgniter(Object(CodeIgniter\CodeIgniter))
11 FCPATH\index.php(59): CodeIgniter\Boot::bootWeb(Object(Config\Paths))
ERROR - 2025-11-03 06:37:29 --> Error connecting to the database: mysqli_sql_exception: Plugin 'mysql_native_password' is not loaded in C:\laragon\www\crud\system\Database\MySQLi\Connection.php:201
Stack trace:
#0 C:\laragon\www\crud\system\Database\MySQLi\Connection.php(201): mysqli->real_connect('localhost', '', Object(SensitiveParameterValue), '', 3306, '', 0)
#1 C:\laragon\www\crud\system\Database\BaseConnection.php(419): CodeIgniter\Database\MySQLi\Connection->connect(false)
#2 C:\laragon\www\crud\system\Database\BaseConnection.php(614): CodeIgniter\Database\BaseConnection->initialize()
#3 C:\laragon\www\crud\system\Database\BaseBuilder.php(1649): CodeIgniter\Database\BaseConnection->query('SELECT *\nFROM `...', Array, false)
#4 C:\laragon\www\crud\system\Model.php(286): CodeIgniter\Database\BaseBuilder->get()
#5 C:\laragon\www\crud\system\BaseModel.php(677): CodeIgniter\Model->doFindAll(0, 0)
#6 C:\laragon\www\crud\app\Controllers\C_carros.php(11): CodeIgniter\BaseModel->findAll()
#7 C:\laragon\www\crud\system\CodeIgniter.php(933): App\Controllers\C_carros->index()
#8 C:\laragon\www\crud\system\CodeIgniter.php(507): CodeIgniter\CodeIgniter->runController(Object(App\Controllers\C_carros))
#9 C:\laragon\www\crud\system\CodeIgniter.php(354): CodeIgniter\CodeIgniter->handleRequest(NULL, Object(Config\Cache), false)
#10 C:\laragon\www\crud\system\Boot.php(363): CodeIgniter\CodeIgniter->run()
#11 C:\laragon\www\crud\system\Boot.php(68): CodeIgniter\Boot::runCodeIgniter(Object(CodeIgniter\CodeIgniter))
#12 C:\laragon\www\crud\public\index.php(59): CodeIgniter\Boot::bootWeb(Object(Config\Paths))
#13 {main}

Next CodeIgniter\Database\Exceptions\DatabaseException: Plugin 'mysql_native_password' is not loaded in C:\laragon\www\crud\system\Database\MySQLi\Connection.php:246
Stack trace:
#0 C:\laragon\www\crud\system\Database\BaseConnection.php(419): CodeIgniter\Database\MySQLi\Connection->connect(false)
#1 C:\laragon\www\crud\system\Database\BaseConnection.php(614): CodeIgniter\Database\BaseConnection->initialize()
#2 C:\laragon\www\crud\system\Database\BaseBuilder.php(1649): CodeIgniter\Database\BaseConnection->query('SELECT *\nFROM `...', Array, false)
#3 C:\laragon\www\crud\system\Model.php(286): CodeIgniter\Database\BaseBuilder->get()
#4 C:\laragon\www\crud\system\BaseModel.php(677): CodeIgniter\Model->doFindAll(0, 0)
#5 C:\laragon\www\crud\app\Controllers\C_carros.php(11): CodeIgniter\BaseModel->findAll()
#6 C:\laragon\www\crud\system\CodeIgniter.php(933): App\Controllers\C_carros->index()
#7 C:\laragon\www\crud\system\CodeIgniter.php(507): CodeIgniter\CodeIgniter->runController(Object(App\Controllers\C_carros))
#8 C:\laragon\www\crud\system\CodeIgniter.php(354): CodeIgniter\CodeIgniter->handleRequest(NULL, Object(Config\Cache), false)
#9 C:\laragon\www\crud\system\Boot.php(363): CodeIgniter\CodeIgniter->run()
#10 C:\laragon\www\crud\system\Boot.php(68): CodeIgniter\Boot::runCodeIgniter(Object(CodeIgniter\CodeIgniter))
#11 C:\laragon\www\crud\public\index.php(59): CodeIgniter\Boot::bootWeb(Object(Config\Paths))
#12 {main}
CRITICAL - 2025-11-03 06:37:29 --> CodeIgniter\Database\Exceptions\DatabaseException: Unable to connect to the database.
Main connection [MySQLi]: Plugin 'mysql_native_password' is not loaded
[Method: GET, Route: r]
in SYSTEMPATH\Database\BaseConnection.php on line 465.
 1 SYSTEMPATH\Database\BaseConnection.php(614): CodeIgniter\Database\BaseConnection->initialize()
 2 SYSTEMPATH\Database\BaseBuilder.php(1649): CodeIgniter\Database\BaseConnection->query('SELECT *
FROM `carros`
ORDER BY `ID` ASC', [], false)
 3 SYSTEMPATH\Model.php(286): CodeIgniter\Database\BaseBuilder->get()
 4 SYSTEMPATH\BaseModel.php(677): CodeIgniter\Model->doFindAll(0, 0)
 5 APPPATH\Controllers\C_carros.php(11): CodeIgniter\BaseModel->findAll()
 6 SYSTEMPATH\CodeIgniter.php(933): App\Controllers\C_carros->index()
 7 SYSTEMPATH\CodeIgniter.php(507): CodeIgniter\CodeIgniter->runController(Object(App\Controllers\C_carros))
 8 SYSTEMPATH\CodeIgniter.php(354): CodeIgniter\CodeIgniter->handleRequest(null, Object(Config\Cache), false)
 9 SYSTEMPATH\Boot.php(363): CodeIgniter\CodeIgniter->run()
10 SYSTEMPATH\Boot.php(68): CodeIgniter\Boot::runCodeIgniter(Object(CodeIgniter\CodeIgniter))
11 FCPATH\index.php(59): CodeIgniter\Boot::bootWeb(Object(Config\Paths))
ERROR - 2025-11-03 06:37:30 --> Error connecting to the database: mysqli_sql_exception: Plugin 'mysql_native_password' is not loaded in C:\laragon\www\crud\system\Database\MySQLi\Connection.php:201
Stack trace:
#0 C:\laragon\www\crud\system\Database\MySQLi\Connection.php(201): mysqli->real_connect('localhost', '', Object(SensitiveParameterValue), '', 3306, '', 0)
#1 C:\laragon\www\crud\system\Database\BaseConnection.php(419): CodeIgniter\Database\MySQLi\Connection->connect(false)
#2 C:\laragon\www\crud\system\Database\BaseConnection.php(614): CodeIgniter\Database\BaseConnection->initialize()
#3 C:\laragon\www\crud\system\Database\BaseBuilder.php(1649): CodeIgniter\Database\BaseConnection->query('SELECT *\nFROM `...', Array, false)
#4 C:\laragon\www\crud\system\Model.php(286): CodeIgniter\Database\BaseBuilder->get()
#5 C:\laragon\www\crud\system\BaseModel.php(677): CodeIgniter\Model->doFindAll(0, 0)
#6 C:\laragon\www\crud\app\Controllers\C_carros.php(11): CodeIgniter\BaseModel->findAll()
#7 C:\laragon\www\crud\system\CodeIgniter.php(933): App\Controllers\C_carros->index()
#8 C:\laragon\www\crud\system\CodeIgniter.php(507): CodeIgniter\CodeIgniter->runController(Object(App\Controllers\C_carros))
#9 C:\laragon\www\crud\system\CodeIgniter.php(354): CodeIgniter\CodeIgniter->handleRequest(NULL, Object(Config\Cache), false)
#10 C:\laragon\www\crud\system\Boot.php(363): CodeIgniter\CodeIgniter->run()
#11 C:\laragon\www\crud\system\Boot.php(68): CodeIgniter\Boot::runCodeIgniter(Object(CodeIgniter\CodeIgniter))
#12 C:\laragon\www\crud\public\index.php(59): CodeIgniter\Boot::bootWeb(Object(Config\Paths))
#13 {main}

Next CodeIgniter\Database\Exceptions\DatabaseException: Plugin 'mysql_native_password' is not loaded in C:\laragon\www\crud\system\Database\MySQLi\Connection.php:246
Stack trace:
#0 C:\laragon\www\crud\system\Database\BaseConnection.php(419): CodeIgniter\Database\MySQLi\Connection->connect(false)
#1 C:\laragon\www\crud\system\Database\BaseConnection.php(614): CodeIgniter\Database\BaseConnection->initialize()
#2 C:\laragon\www\crud\system\Database\BaseBuilder.php(1649): CodeIgniter\Database\BaseConnection->query('SELECT *\nFROM `...', Array, false)
#3 C:\laragon\www\crud\system\Model.php(286): CodeIgniter\Database\BaseBuilder->get()
#4 C:\laragon\www\crud\system\BaseModel.php(677): CodeIgniter\Model->doFindAll(0, 0)
#5 C:\laragon\www\crud\app\Controllers\C_carros.php(11): CodeIgniter\BaseModel->findAll()
#6 C:\laragon\www\crud\system\CodeIgniter.php(933): App\Controllers\C_carros->index()
#7 C:\laragon\www\crud\system\CodeIgniter.php(507): CodeIgniter\CodeIgniter->runController(Object(App\Controllers\C_carros))
#8 C:\laragon\www\crud\system\CodeIgniter.php(354): CodeIgniter\CodeIgniter->handleRequest(NULL, Object(Config\Cache), false)
#9 C:\laragon\www\crud\system\Boot.php(363): CodeIgniter\CodeIgniter->run()
#10 C:\laragon\www\crud\system\Boot.php(68): CodeIgniter\Boot::runCodeIgniter(Object(CodeIgniter\CodeIgniter))
#11 C:\laragon\www\crud\public\index.php(59): CodeIgniter\Boot::bootWeb(Object(Config\Paths))
#12 {main}
CRITICAL - 2025-11-03 06:37:30 --> CodeIgniter\Database\Exceptions\DatabaseException: Unable to connect to the database.
Main connection [MySQLi]: Plugin 'mysql_native_password' is not loaded
[Method: GET, Route: r]
in SYSTEMPATH\Database\BaseConnection.php on line 465.
 1 SYSTEMPATH\Database\BaseConnection.php(614): CodeIgniter\Database\BaseConnection->initialize()
 2 SYSTEMPATH\Database\BaseBuilder.php(1649): CodeIgniter\Database\BaseConnection->query('SELECT *
FROM `carros`
ORDER BY `ID` ASC', [], false)
 3 SYSTEMPATH\Model.php(286): CodeIgniter\Database\BaseBuilder->get()
 4 SYSTEMPATH\BaseModel.php(677): CodeIgniter\Model->doFindAll(0, 0)
 5 APPPATH\Controllers\C_carros.php(11): CodeIgniter\BaseModel->findAll()
 6 SYSTEMPATH\CodeIgniter.php(933): App\Controllers\C_carros->index()
 7 SYSTEMPATH\CodeIgniter.php(507): CodeIgniter\CodeIgniter->runController(Object(App\Controllers\C_carros))
 8 SYSTEMPATH\CodeIgniter.php(354): CodeIgniter\CodeIgniter->handleRequest(null, Object(Config\Cache), false)
 9 SYSTEMPATH\Boot.php(363): CodeIgniter\CodeIgniter->run()
10 SYSTEMPATH\Boot.php(68): CodeIgniter\Boot::runCodeIgniter(Object(CodeIgniter\CodeIgniter))
11 FCPATH\index.php(59): CodeIgniter\Boot::bootWeb(Object(Config\Paths))
ERROR - 2025-11-03 06:37:30 --> Error connecting to the database: mysqli_sql_exception: Plugin 'mysql_native_password' is not loaded in C:\laragon\www\crud\system\Database\MySQLi\Connection.php:201
Stack trace:
#0 C:\laragon\www\crud\system\Database\MySQLi\Connection.php(201): mysqli->real_connect('localhost', '', Object(SensitiveParameterValue), '', 3306, '', 0)
#1 C:\laragon\www\crud\system\Database\BaseConnection.php(419): CodeIgniter\Database\MySQLi\Connection->connect(false)
#2 C:\laragon\www\crud\system\Database\BaseConnection.php(614): CodeIgniter\Database\BaseConnection->initialize()
#3 C:\laragon\www\crud\system\Database\BaseBuilder.php(1649): CodeIgniter\Database\BaseConnection->query('SELECT *\nFROM `...', Array, false)
#4 C:\laragon\www\crud\system\Model.php(286): CodeIgniter\Database\BaseBuilder->get()
#5 C:\laragon\www\crud\system\BaseModel.php(677): CodeIgniter\Model->doFindAll(0, 0)
#6 C:\laragon\www\crud\app\Controllers\C_carros.php(11): CodeIgniter\BaseModel->findAll()
#7 C:\laragon\www\crud\system\CodeIgniter.php(933): App\Controllers\C_carros->index()
#8 C:\laragon\www\crud\system\CodeIgniter.php(507): CodeIgniter\CodeIgniter->runController(Object(App\Controllers\C_carros))
#9 C:\laragon\www\crud\system\CodeIgniter.php(354): CodeIgniter\CodeIgniter->handleRequest(NULL, Object(Config\Cache), false)
#10 C:\laragon\www\crud\system\Boot.php(363): CodeIgniter\CodeIgniter->run()
#11 C:\laragon\www\crud\system\Boot.php(68): CodeIgniter\Boot::runCodeIgniter(Object(CodeIgniter\CodeIgniter))
#12 C:\laragon\www\crud\public\index.php(59): CodeIgniter\Boot::bootWeb(Object(Config\Paths))
#13 {main}

Next CodeIgniter\Database\Exceptions\DatabaseException: Plugin 'mysql_native_password' is not loaded in C:\laragon\www\crud\system\Database\MySQLi\Connection.php:246
Stack trace:
#0 C:\laragon\www\crud\system\Database\BaseConnection.php(419): CodeIgniter\Database\MySQLi\Connection->connect(false)
#1 C:\laragon\www\crud\system\Database\BaseConnection.php(614): CodeIgniter\Database\BaseConnection->initialize()
#2 C:\laragon\www\crud\system\Database\BaseBuilder.php(1649): CodeIgniter\Database\BaseConnection->query('SELECT *\nFROM `...', Array, false)
#3 C:\laragon\www\crud\system\Model.php(286): CodeIgniter\Database\BaseBuilder->get()
#4 C:\laragon\www\crud\system\BaseModel.php(677): CodeIgniter\Model->doFindAll(0, 0)
#5 C:\laragon\www\crud\app\Controllers\C_carros.php(11): CodeIgniter\BaseModel->findAll()
#6 C:\laragon\www\crud\system\CodeIgniter.php(933): App\Controllers\C_carros->index()
#7 C:\laragon\www\crud\system\CodeIgniter.php(507): CodeIgniter\CodeIgniter->runController(Object(App\Controllers\C_carros))
#8 C:\laragon\www\crud\system\CodeIgniter.php(354): CodeIgniter\CodeIgniter->handleRequest(NULL, Object(Config\Cache), false)
#9 C:\laragon\www\crud\system\Boot.php(363): CodeIgniter\CodeIgniter->run()
#10 C:\laragon\www\crud\system\Boot.php(68): CodeIgniter\Boot::runCodeIgniter(Object(CodeIgniter\CodeIgniter))
#11 C:\laragon\www\crud\public\index.php(59): CodeIgniter\Boot::bootWeb(Object(Config\Paths))
#12 {main}
CRITICAL - 2025-11-03 06:37:30 --> CodeIgniter\Database\Exceptions\DatabaseException: Unable to connect to the database.
Main connection [MySQLi]: Plugin 'mysql_native_password' is not loaded
[Method: GET, Route: r]
in SYSTEMPATH\Database\BaseConnection.php on line 465.
 1 SYSTEMPATH\Database\BaseConnection.php(614): CodeIgniter\Database\BaseConnection->initialize()
 2 SYSTEMPATH\Database\BaseBuilder.php(1649): CodeIgniter\Database\BaseConnection->query('SELECT *
FROM `carros`
ORDER BY `ID` ASC', [], false)
 3 SYSTEMPATH\Model.php(286): CodeIgniter\Database\BaseBuilder->get()
 4 SYSTEMPATH\BaseModel.php(677): CodeIgniter\Model->doFindAll(0, 0)
 5 APPPATH\Controllers\C_carros.php(11): CodeIgniter\BaseModel->findAll()
 6 SYSTEMPATH\CodeIgniter.php(933): App\Controllers\C_carros->index()
 7 SYSTEMPATH\CodeIgniter.php(507): CodeIgniter\CodeIgniter->runController(Object(App\Controllers\C_carros))
 8 SYSTEMPATH\CodeIgniter.php(354): CodeIgniter\CodeIgniter->handleRequest(null, Object(Config\Cache), false)
 9 SYSTEMPATH\Boot.php(363): CodeIgniter\CodeIgniter->run()
10 SYSTEMPATH\Boot.php(68): CodeIgniter\Boot::runCodeIgniter(Object(CodeIgniter\CodeIgniter))
11 FCPATH\index.php(59): CodeIgniter\Boot::bootWeb(Object(Config\Paths))
ERROR - 2025-11-03 06:37:30 --> Error connecting to the database: mysqli_sql_exception: Plugin 'mysql_native_password' is not loaded in C:\laragon\www\crud\system\Database\MySQLi\Connection.php:201
Stack trace:
#0 C:\laragon\www\crud\system\Database\MySQLi\Connection.php(201): mysqli->real_connect('localhost', '', Object(SensitiveParameterValue), '', 3306, '', 0)
#1 C:\laragon\www\crud\system\Database\BaseConnection.php(419): CodeIgniter\Database\MySQLi\Connection->connect(false)
#2 C:\laragon\www\crud\system\Database\BaseConnection.php(614): CodeIgniter\Database\BaseConnection->initialize()
#3 C:\laragon\www\crud\system\Database\BaseBuilder.php(1649): CodeIgniter\Database\BaseConnection->query('SELECT *\nFROM `...', Array, false)
#4 C:\laragon\www\crud\system\Model.php(286): CodeIgniter\Database\BaseBuilder->get()
#5 C:\laragon\www\crud\system\BaseModel.php(677): CodeIgniter\Model->doFindAll(0, 0)
#6 C:\laragon\www\crud\app\Controllers\C_carros.php(11): CodeIgniter\BaseModel->findAll()
#7 C:\laragon\www\crud\system\CodeIgniter.php(933): App\Controllers\C_carros->index()
#8 C:\laragon\www\crud\system\CodeIgniter.php(507): CodeIgniter\CodeIgniter->runController(Object(App\Controllers\C_carros))
#9 C:\laragon\www\crud\system\CodeIgniter.php(354): CodeIgniter\CodeIgniter->handleRequest(NULL, Object(Config\Cache), false)
#10 C:\laragon\www\crud\system\Boot.php(363): CodeIgniter\CodeIgniter->run()
#11 C:\laragon\www\crud\system\Boot.php(68): CodeIgniter\Boot::runCodeIgniter(Object(CodeIgniter\CodeIgniter))
#12 C:\laragon\www\crud\public\index.php(59): CodeIgniter\Boot::bootWeb(Object(Config\Paths))
#13 {main}

Next CodeIgniter\Database\Exceptions\DatabaseException: Plugin 'mysql_native_password' is not loaded in C:\laragon\www\crud\system\Database\MySQLi\Connection.php:246
Stack trace:
#0 C:\laragon\www\crud\system\Database\BaseConnection.php(419): CodeIgniter\Database\MySQLi\Connection->connect(false)
#1 C:\laragon\www\crud\system\Database\BaseConnection.php(614): CodeIgniter\Database\BaseConnection->initialize()
#2 C:\laragon\www\crud\system\Database\BaseBuilder.php(1649): CodeIgniter\Database\BaseConnection->query('SELECT *\nFROM `...', Array, false)
#3 C:\laragon\www\crud\system\Model.php(286): CodeIgniter\Database\BaseBuilder->get()
#4 C:\laragon\www\crud\system\BaseModel.php(677): CodeIgniter\Model->doFindAll(0, 0)
#5 C:\laragon\www\crud\app\Controllers\C_carros.php(11): CodeIgniter\BaseModel->findAll()
#6 C:\laragon\www\crud\system\CodeIgniter.php(933): App\Controllers\C_carros->index()
#7 C:\laragon\www\crud\system\CodeIgniter.php(507): CodeIgniter\CodeIgniter->runController(Object(App\Controllers\C_carros))
#8 C:\laragon\www\crud\system\CodeIgniter.php(354): CodeIgniter\CodeIgniter->handleRequest(NULL, Object(Config\Cache), false)
#9 C:\laragon\www\crud\system\Boot.php(363): CodeIgniter\CodeIgniter->run()
#10 C:\laragon\www\crud\system\Boot.php(68): CodeIgniter\Boot::runCodeIgniter(Object(CodeIgniter\CodeIgniter))
#11 C:\laragon\www\crud\public\index.php(59): CodeIgniter\Boot::bootWeb(Object(Config\Paths))
#12 {main}
CRITICAL - 2025-11-03 06:37:30 --> CodeIgniter\Database\Exceptions\DatabaseException: Unable to connect to the database.
Main connection [MySQLi]: Plugin 'mysql_native_password' is not loaded
[Method: GET, Route: r]
in SYSTEMPATH\Database\BaseConnection.php on line 465.
 1 SYSTEMPATH\Database\BaseConnection.php(614): CodeIgniter\Database\BaseConnection->initialize()
 2 SYSTEMPATH\Database\BaseBuilder.php(1649): CodeIgniter\Database\BaseConnection->query('SELECT *
FROM `carros`
ORDER BY `ID` ASC', [], false)
 3 SYSTEMPATH\Model.php(286): CodeIgniter\Database\BaseBuilder->get()
 4 SYSTEMPATH\BaseModel.php(677): CodeIgniter\Model->doFindAll(0, 0)
 5 APPPATH\Controllers\C_carros.php(11): CodeIgniter\BaseModel->findAll()
 6 SYSTEMPATH\CodeIgniter.php(933): App\Controllers\C_carros->index()
 7 SYSTEMPATH\CodeIgniter.php(507): CodeIgniter\CodeIgniter->runController(Object(App\Controllers\C_carros))
 8 SYSTEMPATH\CodeIgniter.php(354): CodeIgniter\CodeIgniter->handleRequest(null, Object(Config\Cache), false)
 9 SYSTEMPATH\Boot.php(363): CodeIgniter\CodeIgniter->run()
10 SYSTEMPATH\Boot.php(68): CodeIgniter\Boot::runCodeIgniter(Object(CodeIgniter\CodeIgniter))
11 FCPATH\index.php(59): CodeIgniter\Boot::bootWeb(Object(Config\Paths))
ERROR - 2025-11-03 06:37:31 --> Error connecting to the database: mysqli_sql_exception: Plugin 'mysql_native_password' is not loaded in C:\laragon\www\crud\system\Database\MySQLi\Connection.php:201
Stack trace:
#0 C:\laragon\www\crud\system\Database\MySQLi\Connection.php(201): mysqli->real_connect('localhost', '', Object(SensitiveParameterValue), '', 3306, '', 0)
#1 C:\laragon\www\crud\system\Database\BaseConnection.php(419): CodeIgniter\Database\MySQLi\Connection->connect(false)
#2 C:\laragon\www\crud\system\Database\BaseConnection.php(614): CodeIgniter\Database\BaseConnection->initialize()
#3 C:\laragon\www\crud\system\Database\BaseBuilder.php(1649): CodeIgniter\Database\BaseConnection->query('SELECT *\nFROM `...', Array, false)
#4 C:\laragon\www\crud\system\Model.php(286): CodeIgniter\Database\BaseBuilder->get()
#5 C:\laragon\www\crud\system\BaseModel.php(677): CodeIgniter\Model->doFindAll(0, 0)
#6 C:\laragon\www\crud\app\Controllers\C_carros.php(11): CodeIgniter\BaseModel->findAll()
#7 C:\laragon\www\crud\system\CodeIgniter.php(933): App\Controllers\C_carros->index()
#8 C:\laragon\www\crud\system\CodeIgniter.php(507): CodeIgniter\CodeIgniter->runController(Object(App\Controllers\C_carros))
#9 C:\laragon\www\crud\system\CodeIgniter.php(354): CodeIgniter\CodeIgniter->handleRequest(NULL, Object(Config\Cache), false)
#10 C:\laragon\www\crud\system\Boot.php(363): CodeIgniter\CodeIgniter->run()
#11 C:\laragon\www\crud\system\Boot.php(68): CodeIgniter\Boot::runCodeIgniter(Object(CodeIgniter\CodeIgniter))
#12 C:\laragon\www\crud\public\index.php(59): CodeIgniter\Boot::bootWeb(Object(Config\Paths))
#13 {main}

Next CodeIgniter\Database\Exceptions\DatabaseException: Plugin 'mysql_native_password' is not loaded in C:\laragon\www\crud\system\Database\MySQLi\Connection.php:246
Stack trace:
#0 C:\laragon\www\crud\system\Database\BaseConnection.php(419): CodeIgniter\Database\MySQLi\Connection->connect(false)
#1 C:\laragon\www\crud\system\Database\BaseConnection.php(614): CodeIgniter\Database\BaseConnection->initialize()
#2 C:\laragon\www\crud\system\Database\BaseBuilder.php(1649): CodeIgniter\Database\BaseConnection->query('SELECT *\nFROM `...', Array, false)
#3 C:\laragon\www\crud\system\Model.php(286): CodeIgniter\Database\BaseBuilder->get()
#4 C:\laragon\www\crud\system\BaseModel.php(677): CodeIgniter\Model->doFindAll(0, 0)
#5 C:\laragon\www\crud\app\Controllers\C_carros.php(11): CodeIgniter\BaseModel->findAll()
#6 C:\laragon\www\crud\system\CodeIgniter.php(933): App\Controllers\C_carros->index()
#7 C:\laragon\www\crud\system\CodeIgniter.php(507): CodeIgniter\CodeIgniter->runController(Object(App\Controllers\C_carros))
#8 C:\laragon\www\crud\system\CodeIgniter.php(354): CodeIgniter\CodeIgniter->handleRequest(NULL, Object(Config\Cache), false)
#9 C:\laragon\www\crud\system\Boot.php(363): CodeIgniter\CodeIgniter->run()
#10 C:\laragon\www\crud\system\Boot.php(68): CodeIgniter\Boot::runCodeIgniter(Object(CodeIgniter\CodeIgniter))
#11 C:\laragon\www\crud\public\index.php(59): CodeIgniter\Boot::bootWeb(Object(Config\Paths))
#12 {main}
CRITICAL - 2025-11-03 06:37:31 --> CodeIgniter\Database\Exceptions\DatabaseException: Unable to connect to the database.
Main connection [MySQLi]: Plugin 'mysql_native_password' is not loaded
[Method: GET, Route: r]
in SYSTEMPATH\Database\BaseConnection.php on line 465.
 1 SYSTEMPATH\Database\BaseConnection.php(614): CodeIgniter\Database\BaseConnection->initialize()
 2 SYSTEMPATH\Database\BaseBuilder.php(1649): CodeIgniter\Database\BaseConnection->query('SELECT *
FROM `carros`
ORDER BY `ID` ASC', [], false)
 3 SYSTEMPATH\Model.php(286): CodeIgniter\Database\BaseBuilder->get()
 4 SYSTEMPATH\BaseModel.php(677): CodeIgniter\Model->doFindAll(0, 0)
 5 APPPATH\Controllers\C_carros.php(11): CodeIgniter\BaseModel->findAll()
 6 SYSTEMPATH\CodeIgniter.php(933): App\Controllers\C_carros->index()
 7 SYSTEMPATH\CodeIgniter.php(507): CodeIgniter\CodeIgniter->runController(Object(App\Controllers\C_carros))
 8 SYSTEMPATH\CodeIgniter.php(354): CodeIgniter\CodeIgniter->handleRequest(null, Object(Config\Cache), false)
 9 SYSTEMPATH\Boot.php(363): CodeIgniter\CodeIgniter->run()
10 SYSTEMPATH\Boot.php(68): CodeIgniter\Boot::runCodeIgniter(Object(CodeIgniter\CodeIgniter))
11 FCPATH\index.php(59): CodeIgniter\Boot::bootWeb(Object(Config\Paths))
ERROR - 2025-11-03 06:37:31 --> Error connecting to the database: mysqli_sql_exception: Plugin 'mysql_native_password' is not loaded in C:\laragon\www\crud\system\Database\MySQLi\Connection.php:201
Stack trace:
#0 C:\laragon\www\crud\system\Database\MySQLi\Connection.php(201): mysqli->real_connect('localhost', '', Object(SensitiveParameterValue), '', 3306, '', 0)
#1 C:\laragon\www\crud\system\Database\BaseConnection.php(419): CodeIgniter\Database\MySQLi\Connection->connect(false)
#2 C:\laragon\www\crud\system\Database\BaseConnection.php(614): CodeIgniter\Database\BaseConnection->initialize()
#3 C:\laragon\www\crud\system\Database\BaseBuilder.php(1649): CodeIgniter\Database\BaseConnection->query('SELECT *\nFROM `...', Array, false)
#4 C:\laragon\www\crud\system\Model.php(286): CodeIgniter\Database\BaseBuilder->get()
#5 C:\laragon\www\crud\system\BaseModel.php(677): CodeIgniter\Model->doFindAll(0, 0)
#6 C:\laragon\www\crud\app\Controllers\C_carros.php(11): CodeIgniter\BaseModel->findAll()
#7 C:\laragon\www\crud\system\CodeIgniter.php(933): App\Controllers\C_carros->index()
#8 C:\laragon\www\crud\system\CodeIgniter.php(507): CodeIgniter\CodeIgniter->runController(Object(App\Controllers\C_carros))
#9 C:\laragon\www\crud\system\CodeIgniter.php(354): CodeIgniter\CodeIgniter->handleRequest(NULL, Object(Config\Cache), false)
#10 C:\laragon\www\crud\system\Boot.php(363): CodeIgniter\CodeIgniter->run()
#11 C:\laragon\www\crud\system\Boot.php(68): CodeIgniter\Boot::runCodeIgniter(Object(CodeIgniter\CodeIgniter))
#12 C:\laragon\www\crud\public\index.php(59): CodeIgniter\Boot::bootWeb(Object(Config\Paths))
#13 {main}

Next CodeIgniter\Database\Exceptions\DatabaseException: Plugin 'mysql_native_password' is not loaded in C:\laragon\www\crud\system\Database\MySQLi\Connection.php:246
Stack trace:
#0 C:\laragon\www\crud\system\Database\BaseConnection.php(419): CodeIgniter\Database\MySQLi\Connection->connect(false)
#1 C:\laragon\www\crud\system\Database\BaseConnection.php(614): CodeIgniter\Database\BaseConnection->initialize()
#2 C:\laragon\www\crud\system\Database\BaseBuilder.php(1649): CodeIgniter\Database\BaseConnection->query('SELECT *\nFROM `...', Array, false)
#3 C:\laragon\www\crud\system\Model.php(286): CodeIgniter\Database\BaseBuilder->get()
#4 C:\laragon\www\crud\system\BaseModel.php(677): CodeIgniter\Model->doFindAll(0, 0)
#5 C:\laragon\www\crud\app\Controllers\C_carros.php(11): CodeIgniter\BaseModel->findAll()
#6 C:\laragon\www\crud\system\CodeIgniter.php(933): App\Controllers\C_carros->index()
#7 C:\laragon\www\crud\system\CodeIgniter.php(507): CodeIgniter\CodeIgniter->runController(Object(App\Controllers\C_carros))
#8 C:\laragon\www\crud\system\CodeIgniter.php(354): CodeIgniter\CodeIgniter->handleRequest(NULL, Object(Config\Cache), false)
#9 C:\laragon\www\crud\system\Boot.php(363): CodeIgniter\CodeIgniter->run()
#10 C:\laragon\www\crud\system\Boot.php(68): CodeIgniter\Boot::runCodeIgniter(Object(CodeIgniter\CodeIgniter))
#11 C:\laragon\www\crud\public\index.php(59): CodeIgniter\Boot::bootWeb(Object(Config\Paths))
#12 {main}
CRITICAL - 2025-11-03 06:37:31 --> CodeIgniter\Database\Exceptions\DatabaseException: Unable to connect to the database.
Main connection [MySQLi]: Plugin 'mysql_native_password' is not loaded
[Method: GET, Route: r]
in SYSTEMPATH\Database\BaseConnection.php on line 465.
 1 SYSTEMPATH\Database\BaseConnection.php(614): CodeIgniter\Database\BaseConnection->initialize()
 2 SYSTEMPATH\Database\BaseBuilder.php(1649): CodeIgniter\Database\BaseConnection->query('SELECT *
FROM `carros`
ORDER BY `ID` ASC', [], false)
 3 SYSTEMPATH\Model.php(286): CodeIgniter\Database\BaseBuilder->get()
 4 SYSTEMPATH\BaseModel.php(677): CodeIgniter\Model->doFindAll(0, 0)
 5 APPPATH\Controllers\C_carros.php(11): CodeIgniter\BaseModel->findAll()
 6 SYSTEMPATH\CodeIgniter.php(933): App\Controllers\C_carros->index()
 7 SYSTEMPATH\CodeIgniter.php(507): CodeIgniter\CodeIgniter->runController(Object(App\Controllers\C_carros))
 8 SYSTEMPATH\CodeIgniter.php(354): CodeIgniter\CodeIgniter->handleRequest(null, Object(Config\Cache), false)
 9 SYSTEMPATH\Boot.php(363): CodeIgniter\CodeIgniter->run()
10 SYSTEMPATH\Boot.php(68): CodeIgniter\Boot::runCodeIgniter(Object(CodeIgniter\CodeIgniter))
11 FCPATH\index.php(59): CodeIgniter\Boot::bootWeb(Object(Config\Paths))
ERROR - 2025-11-03 06:37:31 --> Error connecting to the database: mysqli_sql_exception: Plugin 'mysql_native_password' is not loaded in C:\laragon\www\crud\system\Database\MySQLi\Connection.php:201
Stack trace:
#0 C:\laragon\www\crud\system\Database\MySQLi\Connection.php(201): mysqli->real_connect('localhost', '', Object(SensitiveParameterValue), '', 3306, '', 0)
#1 C:\laragon\www\crud\system\Database\BaseConnection.php(419): CodeIgniter\Database\MySQLi\Connection->connect(false)
#2 C:\laragon\www\crud\system\Database\BaseConnection.php(614): CodeIgniter\Database\BaseConnection->initialize()
#3 C:\laragon\www\crud\system\Database\BaseBuilder.php(1649): CodeIgniter\Database\BaseConnection->query('SELECT *\nFROM `...', Array, false)
#4 C:\laragon\www\crud\system\Model.php(286): CodeIgniter\Database\BaseBuilder->get()
#5 C:\laragon\www\crud\system\BaseModel.php(677): CodeIgniter\Model->doFindAll(0, 0)
#6 C:\laragon\www\crud\app\Controllers\C_carros.php(11): CodeIgniter\BaseModel->findAll()
#7 C:\laragon\www\crud\system\CodeIgniter.php(933): App\Controllers\C_carros->index()
#8 C:\laragon\www\crud\system\CodeIgniter.php(507): CodeIgniter\CodeIgniter->runController(Object(App\Controllers\C_carros))
#9 C:\laragon\www\crud\system\CodeIgniter.php(354): CodeIgniter\CodeIgniter->handleRequest(NULL, Object(Config\Cache), false)
#10 C:\laragon\www\crud\system\Boot.php(363): CodeIgniter\CodeIgniter->run()
#11 C:\laragon\www\crud\system\Boot.php(68): CodeIgniter\Boot::runCodeIgniter(Object(CodeIgniter\CodeIgniter))
#12 C:\laragon\www\crud\public\index.php(59): CodeIgniter\Boot::bootWeb(Object(Config\Paths))
#13 {main}

Next CodeIgniter\Database\Exceptions\DatabaseException: Plugin 'mysql_native_password' is not loaded in C:\laragon\www\crud\system\Database\MySQLi\Connection.php:246
Stack trace:
#0 C:\laragon\www\crud\system\Database\BaseConnection.php(419): CodeIgniter\Database\MySQLi\Connection->connect(false)
#1 C:\laragon\www\crud\system\Database\BaseConnection.php(614): CodeIgniter\Database\BaseConnection->initialize()
#2 C:\laragon\www\crud\system\Database\BaseBuilder.php(1649): CodeIgniter\Database\BaseConnection->query('SELECT *\nFROM `...', Array, false)
#3 C:\laragon\www\crud\system\Model.php(286): CodeIgniter\Database\BaseBuilder->get()
#4 C:\laragon\www\crud\system\BaseModel.php(677): CodeIgniter\Model->doFindAll(0, 0)
#5 C:\laragon\www\crud\app\Controllers\C_carros.php(11): CodeIgniter\BaseModel->findAll()
#6 C:\laragon\www\crud\system\CodeIgniter.php(933): App\Controllers\C_carros->index()
#7 C:\laragon\www\crud\system\CodeIgniter.php(507): CodeIgniter\CodeIgniter->runController(Object(App\Controllers\C_carros))
#8 C:\laragon\www\crud\system\CodeIgniter.php(354): CodeIgniter\CodeIgniter->handleRequest(NULL, Object(Config\Cache), false)
#9 C:\laragon\www\crud\system\Boot.php(363): CodeIgniter\CodeIgniter->run()
#10 C:\laragon\www\crud\system\Boot.php(68): CodeIgniter\Boot::runCodeIgniter(Object(CodeIgniter\CodeIgniter))
#11 C:\laragon\www\crud\public\index.php(59): CodeIgniter\Boot::bootWeb(Object(Config\Paths))
#12 {main}
CRITICAL - 2025-11-03 06:37:31 --> CodeIgniter\Database\Exceptions\DatabaseException: Unable to connect to the database.
Main connection [MySQLi]: Plugin 'mysql_native_password' is not loaded
[Method: GET, Route: r]
in SYSTEMPATH\Database\BaseConnection.php on line 465.
 1 SYSTEMPATH\Database\BaseConnection.php(614): CodeIgniter\Database\BaseConnection->initialize()
 2 SYSTEMPATH\Database\BaseBuilder.php(1649): CodeIgniter\Database\BaseConnection->query('SELECT *
FROM `carros`
ORDER BY `ID` ASC', [], false)
 3 SYSTEMPATH\Model.php(286): CodeIgniter\Database\BaseBuilder->get()
 4 SYSTEMPATH\BaseModel.php(677): CodeIgniter\Model->doFindAll(0, 0)
 5 APPPATH\Controllers\C_carros.php(11): CodeIgniter\BaseModel->findAll()
 6 SYSTEMPATH\CodeIgniter.php(933): App\Controllers\C_carros->index()
 7 SYSTEMPATH\CodeIgniter.php(507): CodeIgniter\CodeIgniter->runController(Object(App\Controllers\C_carros))
 8 SYSTEMPATH\CodeIgniter.php(354): CodeIgniter\CodeIgniter->handleRequest(null, Object(Config\Cache), false)
 9 SYSTEMPATH\Boot.php(363): CodeIgniter\CodeIgniter->run()
10 SYSTEMPATH\Boot.php(68): CodeIgniter\Boot::runCodeIgniter(Object(CodeIgniter\CodeIgniter))
11 FCPATH\index.php(59): CodeIgniter\Boot::bootWeb(Object(Config\Paths))
ERROR - 2025-11-03 06:37:31 --> Error connecting to the database: mysqli_sql_exception: Plugin 'mysql_native_password' is not loaded in C:\laragon\www\crud\system\Database\MySQLi\Connection.php:201
Stack trace:
#0 C:\laragon\www\crud\system\Database\MySQLi\Connection.php(201): mysqli->real_connect('localhost', '', Object(SensitiveParameterValue), '', 3306, '', 0)
#1 C:\laragon\www\crud\system\Database\BaseConnection.php(419): CodeIgniter\Database\MySQLi\Connection->connect(false)
#2 C:\laragon\www\crud\system\Database\BaseConnection.php(614): CodeIgniter\Database\BaseConnection->initialize()
#3 C:\laragon\www\crud\system\Database\BaseBuilder.php(1649): CodeIgniter\Database\BaseConnection->query('SELECT *\nFROM `...', Array, false)
#4 C:\laragon\www\crud\system\Model.php(286): CodeIgniter\Database\BaseBuilder->get()
#5 C:\laragon\www\crud\system\BaseModel.php(677): CodeIgniter\Model->doFindAll(0, 0)
#6 C:\laragon\www\crud\app\Controllers\C_carros.php(11): CodeIgniter\BaseModel->findAll()
#7 C:\laragon\www\crud\system\CodeIgniter.php(933): App\Controllers\C_carros->index()
#8 C:\laragon\www\crud\system\CodeIgniter.php(507): CodeIgniter\CodeIgniter->runController(Object(App\Controllers\C_carros))
#9 C:\laragon\www\crud\system\CodeIgniter.php(354): CodeIgniter\CodeIgniter->handleRequest(NULL, Object(Config\Cache), false)
#10 C:\laragon\www\crud\system\Boot.php(363): CodeIgniter\CodeIgniter->run()
#11 C:\laragon\www\crud\system\Boot.php(68): CodeIgniter\Boot::runCodeIgniter(Object(CodeIgniter\CodeIgniter))
#12 C:\laragon\www\crud\public\index.php(59): CodeIgniter\Boot::bootWeb(Object(Config\Paths))
#13 {main}

Next CodeIgniter\Database\Exceptions\DatabaseException: Plugin 'mysql_native_password' is not loaded in C:\laragon\www\crud\system\Database\MySQLi\Connection.php:246
Stack trace:
#0 C:\laragon\www\crud\system\Database\BaseConnection.php(419): CodeIgniter\Database\MySQLi\Connection->connect(false)
#1 C:\laragon\www\crud\system\Database\BaseConnection.php(614): CodeIgniter\Database\BaseConnection->initialize()
#2 C:\laragon\www\crud\system\Database\BaseBuilder.php(1649): CodeIgniter\Database\BaseConnection->query('SELECT *\nFROM `...', Array, false)
#3 C:\laragon\www\crud\system\Model.php(286): CodeIgniter\Database\BaseBuilder->get()
#4 C:\laragon\www\crud\system\BaseModel.php(677): CodeIgniter\Model->doFindAll(0, 0)
#5 C:\laragon\www\crud\app\Controllers\C_carros.php(11): CodeIgniter\BaseModel->findAll()
#6 C:\laragon\www\crud\system\CodeIgniter.php(933): App\Controllers\C_carros->index()
#7 C:\laragon\www\crud\system\CodeIgniter.php(507): CodeIgniter\CodeIgniter->runController(Object(App\Controllers\C_carros))
#8 C:\laragon\www\crud\system\CodeIgniter.php(354): CodeIgniter\CodeIgniter->handleRequest(NULL, Object(Config\Cache), false)
#9 C:\laragon\www\crud\system\Boot.php(363): CodeIgniter\CodeIgniter->run()
#10 C:\laragon\www\crud\system\Boot.php(68): CodeIgniter\Boot::runCodeIgniter(Object(CodeIgniter\CodeIgniter))
#11 C:\laragon\www\crud\public\index.php(59): CodeIgniter\Boot::bootWeb(Object(Config\Paths))
#12 {main}
CRITICAL - 2025-11-03 06:37:31 --> CodeIgniter\Database\Exceptions\DatabaseException: Unable to connect to the database.
Main connection [MySQLi]: Plugin 'mysql_native_password' is not loaded
[Method: GET, Route: r]
in SYSTEMPATH\Database\BaseConnection.php on line 465.
 1 SYSTEMPATH\Database\BaseConnection.php(614): CodeIgniter\Database\BaseConnection->initialize()
 2 SYSTEMPATH\Database\BaseBuilder.php(1649): CodeIgniter\Database\BaseConnection->query('SELECT *
FROM `carros`
ORDER BY `ID` ASC', [], false)
 3 SYSTEMPATH\Model.php(286): CodeIgniter\Database\BaseBuilder->get()
 4 SYSTEMPATH\BaseModel.php(677): CodeIgniter\Model->doFindAll(0, 0)
 5 APPPATH\Controllers\C_carros.php(11): CodeIgniter\BaseModel->findAll()
 6 SYSTEMPATH\CodeIgniter.php(933): App\Controllers\C_carros->index()
 7 SYSTEMPATH\CodeIgniter.php(507): CodeIgniter\CodeIgniter->runController(Object(App\Controllers\C_carros))
 8 SYSTEMPATH\CodeIgniter.php(354): CodeIgniter\CodeIgniter->handleRequest(null, Object(Config\Cache), false)
 9 SYSTEMPATH\Boot.php(363): CodeIgniter\CodeIgniter->run()
10 SYSTEMPATH\Boot.php(68): CodeIgniter\Boot::runCodeIgniter(Object(CodeIgniter\CodeIgniter))
11 FCPATH\index.php(59): CodeIgniter\Boot::bootWeb(Object(Config\Paths))
ERROR - 2025-11-03 06:37:33 --> Error connecting to the database: mysqli_sql_exception: Plugin 'mysql_native_password' is not loaded in C:\laragon\www\crud\system\Database\MySQLi\Connection.php:201
Stack trace:
#0 C:\laragon\www\crud\system\Database\MySQLi\Connection.php(201): mysqli->real_connect('localhost', '', Object(SensitiveParameterValue), '', 3306, '', 0)
#1 C:\laragon\www\crud\system\Database\BaseConnection.php(419): CodeIgniter\Database\MySQLi\Connection->connect(false)
#2 C:\laragon\www\crud\system\Database\BaseConnection.php(614): CodeIgniter\Database\BaseConnection->initialize()
#3 C:\laragon\www\crud\system\Database\BaseBuilder.php(1649): CodeIgniter\Database\BaseConnection->query('SELECT *\nFROM `...', Array, false)
#4 C:\laragon\www\crud\system\Model.php(286): CodeIgniter\Database\BaseBuilder->get()
#5 C:\laragon\www\crud\system\BaseModel.php(677): CodeIgniter\Model->doFindAll(0, 0)
#6 C:\laragon\www\crud\app\Controllers\C_carros.php(11): CodeIgniter\BaseModel->findAll()
#7 C:\laragon\www\crud\system\CodeIgniter.php(933): App\Controllers\C_carros->index()
#8 C:\laragon\www\crud\system\CodeIgniter.php(507): CodeIgniter\CodeIgniter->runController(Object(App\Controllers\C_carros))
#9 C:\laragon\www\crud\system\CodeIgniter.php(354): CodeIgniter\CodeIgniter->handleRequest(NULL, Object(Config\Cache), false)
#10 C:\laragon\www\crud\system\Boot.php(363): CodeIgniter\CodeIgniter->run()
#11 C:\laragon\www\crud\system\Boot.php(68): CodeIgniter\Boot::runCodeIgniter(Object(CodeIgniter\CodeIgniter))
#12 C:\laragon\www\crud\public\index.php(59): CodeIgniter\Boot::bootWeb(Object(Config\Paths))
#13 {main}

Next CodeIgniter\Database\Exceptions\DatabaseException: Plugin 'mysql_native_password' is not loaded in C:\laragon\www\crud\system\Database\MySQLi\Connection.php:246
Stack trace:
#0 C:\laragon\www\crud\system\Database\BaseConnection.php(419): CodeIgniter\Database\MySQLi\Connection->connect(false)
#1 C:\laragon\www\crud\system\Database\BaseConnection.php(614): CodeIgniter\Database\BaseConnection->initialize()
#2 C:\laragon\www\crud\system\Database\BaseBuilder.php(1649): CodeIgniter\Database\BaseConnection->query('SELECT *\nFROM `...', Array, false)
#3 C:\laragon\www\crud\system\Model.php(286): CodeIgniter\Database\BaseBuilder->get()
#4 C:\laragon\www\crud\system\BaseModel.php(677): CodeIgniter\Model->doFindAll(0, 0)
#5 C:\laragon\www\crud\app\Controllers\C_carros.php(11): CodeIgniter\BaseModel->findAll()
#6 C:\laragon\www\crud\system\CodeIgniter.php(933): App\Controllers\C_carros->index()
#7 C:\laragon\www\crud\system\CodeIgniter.php(507): CodeIgniter\CodeIgniter->runController(Object(App\Controllers\C_carros))
#8 C:\laragon\www\crud\system\CodeIgniter.php(354): CodeIgniter\CodeIgniter->handleRequest(NULL, Object(Config\Cache), false)
#9 C:\laragon\www\crud\system\Boot.php(363): CodeIgniter\CodeIgniter->run()
#10 C:\laragon\www\crud\system\Boot.php(68): CodeIgniter\Boot::runCodeIgniter(Object(CodeIgniter\CodeIgniter))
#11 C:\laragon\www\crud\public\index.php(59): CodeIgniter\Boot::bootWeb(Object(Config\Paths))
#12 {main}
CRITICAL - 2025-11-03 06:37:33 --> CodeIgniter\Database\Exceptions\DatabaseException: Unable to connect to the database.
Main connection [MySQLi]: Plugin 'mysql_native_password' is not loaded
[Method: GET, Route: r]
in SYSTEMPATH\Database\BaseConnection.php on line 465.
 1 SYSTEMPATH\Database\BaseConnection.php(614): CodeIgniter\Database\BaseConnection->initialize()
 2 SYSTEMPATH\Database\BaseBuilder.php(1649): CodeIgniter\Database\BaseConnection->query('SELECT *
FROM `carros`
ORDER BY `ID` ASC', [], false)
 3 SYSTEMPATH\Model.php(286): CodeIgniter\Database\BaseBuilder->get()
 4 SYSTEMPATH\BaseModel.php(677): CodeIgniter\Model->doFindAll(0, 0)
 5 APPPATH\Controllers\C_carros.php(11): CodeIgniter\BaseModel->findAll()
 6 SYSTEMPATH\CodeIgniter.php(933): App\Controllers\C_carros->index()
 7 SYSTEMPATH\CodeIgniter.php(507): CodeIgniter\CodeIgniter->runController(Object(App\Controllers\C_carros))
 8 SYSTEMPATH\CodeIgniter.php(354): CodeIgniter\CodeIgniter->handleRequest(null, Object(Config\Cache), false)
 9 SYSTEMPATH\Boot.php(363): CodeIgniter\CodeIgniter->run()
10 SYSTEMPATH\Boot.php(68): CodeIgniter\Boot::runCodeIgniter(Object(CodeIgniter\CodeIgniter))
11 FCPATH\index.php(59): CodeIgniter\Boot::bootWeb(Object(Config\Paths))
ERROR - 2025-11-03 06:38:14 --> Error connecting to the database: mysqli_sql_exception: Plugin 'mysql_native_password' is not loaded in C:\laragon\www\crud\system\Database\MySQLi\Connection.php:201
Stack trace:
#0 C:\laragon\www\crud\system\Database\MySQLi\Connection.php(201): mysqli->real_connect('localhost', '', Object(SensitiveParameterValue), '', 3306, '', 0)
#1 C:\laragon\www\crud\system\Database\BaseConnection.php(419): CodeIgniter\Database\MySQLi\Connection->connect(false)
#2 C:\laragon\www\crud\system\Database\BaseConnection.php(614): CodeIgniter\Database\BaseConnection->initialize()
#3 C:\laragon\www\crud\system\Database\BaseBuilder.php(1649): CodeIgniter\Database\BaseConnection->query('SELECT *\nFROM `...', Array, false)
#4 C:\laragon\www\crud\system\Model.php(286): CodeIgniter\Database\BaseBuilder->get()
#5 C:\laragon\www\crud\system\BaseModel.php(677): CodeIgniter\Model->doFindAll(0, 0)
#6 C:\laragon\www\crud\app\Controllers\C_carros.php(11): CodeIgniter\BaseModel->findAll()
#7 C:\laragon\www\crud\system\CodeIgniter.php(933): App\Controllers\C_carros->index()
#8 C:\laragon\www\crud\system\CodeIgniter.php(507): CodeIgniter\CodeIgniter->runController(Object(App\Controllers\C_carros))
#9 C:\laragon\www\crud\system\CodeIgniter.php(354): CodeIgniter\CodeIgniter->handleRequest(NULL, Object(Config\Cache), false)
#10 C:\laragon\www\crud\system\Boot.php(363): CodeIgniter\CodeIgniter->run()
#11 C:\laragon\www\crud\system\Boot.php(68): CodeIgniter\Boot::runCodeIgniter(Object(CodeIgniter\CodeIgniter))
#12 C:\laragon\www\crud\public\index.php(59): CodeIgniter\Boot::bootWeb(Object(Config\Paths))
#13 {main}

Next CodeIgniter\Database\Exceptions\DatabaseException: Plugin 'mysql_native_password' is not loaded in C:\laragon\www\crud\system\Database\MySQLi\Connection.php:246
Stack trace:
#0 C:\laragon\www\crud\system\Database\BaseConnection.php(419): CodeIgniter\Database\MySQLi\Connection->connect(false)
#1 C:\laragon\www\crud\system\Database\BaseConnection.php(614): CodeIgniter\Database\BaseConnection->initialize()
#2 C:\laragon\www\crud\system\Database\BaseBuilder.php(1649): CodeIgniter\Database\BaseConnection->query('SELECT *\nFROM `...', Array, false)
#3 C:\laragon\www\crud\system\Model.php(286): CodeIgniter\Database\BaseBuilder->get()
#4 C:\laragon\www\crud\system\BaseModel.php(677): CodeIgniter\Model->doFindAll(0, 0)
#5 C:\laragon\www\crud\app\Controllers\C_carros.php(11): CodeIgniter\BaseModel->findAll()
#6 C:\laragon\www\crud\system\CodeIgniter.php(933): App\Controllers\C_carros->index()
#7 C:\laragon\www\crud\system\CodeIgniter.php(507): CodeIgniter\CodeIgniter->runController(Object(App\Controllers\C_carros))
#8 C:\laragon\www\crud\system\CodeIgniter.php(354): CodeIgniter\CodeIgniter->handleRequest(NULL, Object(Config\Cache), false)
#9 C:\laragon\www\crud\system\Boot.php(363): CodeIgniter\CodeIgniter->run()
#10 C:\laragon\www\crud\system\Boot.php(68): CodeIgniter\Boot::runCodeIgniter(Object(CodeIgniter\CodeIgniter))
#11 C:\laragon\www\crud\public\index.php(59): CodeIgniter\Boot::bootWeb(Object(Config\Paths))
#12 {main}
CRITICAL - 2025-11-03 06:38:14 --> CodeIgniter\Database\Exceptions\DatabaseException: Unable to connect to the database.
Main connection [MySQLi]: Plugin 'mysql_native_password' is not loaded
[Method: GET, Route: r]
in SYSTEMPATH\Database\BaseConnection.php on line 465.
 1 SYSTEMPATH\Database\BaseConnection.php(614): CodeIgniter\Database\BaseConnection->initialize()
 2 SYSTEMPATH\Database\BaseBuilder.php(1649): CodeIgniter\Database\BaseConnection->query('SELECT *
FROM `carros`
ORDER BY `ID` ASC', [], false)
 3 SYSTEMPATH\Model.php(286): CodeIgniter\Database\BaseBuilder->get()
 4 SYSTEMPATH\BaseModel.php(677): CodeIgniter\Model->doFindAll(0, 0)
 5 APPPATH\Controllers\C_carros.php(11): CodeIgniter\BaseModel->findAll()
 6 SYSTEMPATH\CodeIgniter.php(933): App\Controllers\C_carros->index()
 7 SYSTEMPATH\CodeIgniter.php(507): CodeIgniter\CodeIgniter->runController(Object(App\Controllers\C_carros))
 8 SYSTEMPATH\CodeIgniter.php(354): CodeIgniter\CodeIgniter->handleRequest(null, Object(Config\Cache), false)
 9 SYSTEMPATH\Boot.php(363): CodeIgniter\CodeIgniter->run()
10 SYSTEMPATH\Boot.php(68): CodeIgniter\Boot::runCodeIgniter(Object(CodeIgniter\CodeIgniter))
11 FCPATH\index.php(59): CodeIgniter\Boot::bootWeb(Object(Config\Paths))
ERROR - 2025-11-03 06:39:48 --> Error connecting to the database: mysqli_sql_exception: Plugin 'mysql_native_password' is not loaded in C:\laragon\www\crud\system\Database\MySQLi\Connection.php:201
Stack trace:
#0 C:\laragon\www\crud\system\Database\MySQLi\Connection.php(201): mysqli->real_connect('localhost', '', Object(SensitiveParameterValue), '', 3306, '', 0)
#1 C:\laragon\www\crud\system\Database\BaseConnection.php(419): CodeIgniter\Database\MySQLi\Connection->connect(false)
#2 C:\laragon\www\crud\system\Database\BaseConnection.php(614): CodeIgniter\Database\BaseConnection->initialize()
#3 C:\laragon\www\crud\system\Database\BaseBuilder.php(1649): CodeIgniter\Database\BaseConnection->query('SELECT *\nFROM `...', Array, false)
#4 C:\laragon\www\crud\system\Model.php(286): CodeIgniter\Database\BaseBuilder->get()
#5 C:\laragon\www\crud\system\BaseModel.php(677): CodeIgniter\Model->doFindAll(0, 0)
#6 C:\laragon\www\crud\app\Controllers\C_carros.php(11): CodeIgniter\BaseModel->findAll()
#7 C:\laragon\www\crud\system\CodeIgniter.php(933): App\Controllers\C_carros->index()
#8 C:\laragon\www\crud\system\CodeIgniter.php(507): CodeIgniter\CodeIgniter->runController(Object(App\Controllers\C_carros))
#9 C:\laragon\www\crud\system\CodeIgniter.php(354): CodeIgniter\CodeIgniter->handleRequest(NULL, Object(Config\Cache), false)
#10 C:\laragon\www\crud\system\Boot.php(363): CodeIgniter\CodeIgniter->run()
#11 C:\laragon\www\crud\system\Boot.php(68): CodeIgniter\Boot::runCodeIgniter(Object(CodeIgniter\CodeIgniter))
#12 C:\laragon\www\crud\public\index.php(59): CodeIgniter\Boot::bootWeb(Object(Config\Paths))
#13 {main}

Next CodeIgniter\Database\Exceptions\DatabaseException: Plugin 'mysql_native_password' is not loaded in C:\laragon\www\crud\system\Database\MySQLi\Connection.php:246
Stack trace:
#0 C:\laragon\www\crud\system\Database\BaseConnection.php(419): CodeIgniter\Database\MySQLi\Connection->connect(false)
#1 C:\laragon\www\crud\system\Database\BaseConnection.php(614): CodeIgniter\Database\BaseConnection->initialize()
#2 C:\laragon\www\crud\system\Database\BaseBuilder.php(1649): CodeIgniter\Database\BaseConnection->query('SELECT *\nFROM `...', Array, false)
#3 C:\laragon\www\crud\system\Model.php(286): CodeIgniter\Database\BaseBuilder->get()
#4 C:\laragon\www\crud\system\BaseModel.php(677): CodeIgniter\Model->doFindAll(0, 0)
#5 C:\laragon\www\crud\app\Controllers\C_carros.php(11): CodeIgniter\BaseModel->findAll()
#6 C:\laragon\www\crud\system\CodeIgniter.php(933): App\Controllers\C_carros->index()
#7 C:\laragon\www\crud\system\CodeIgniter.php(507): CodeIgniter\CodeIgniter->runController(Object(App\Controllers\C_carros))
#8 C:\laragon\www\crud\system\CodeIgniter.php(354): CodeIgniter\CodeIgniter->handleRequest(NULL, Object(Config\Cache), false)
#9 C:\laragon\www\crud\system\Boot.php(363): CodeIgniter\CodeIgniter->run()
#10 C:\laragon\www\crud\system\Boot.php(68): CodeIgniter\Boot::runCodeIgniter(Object(CodeIgniter\CodeIgniter))
#11 C:\laragon\www\crud\public\index.php(59): CodeIgniter\Boot::bootWeb(Object(Config\Paths))
#12 {main}
CRITICAL - 2025-11-03 06:39:48 --> CodeIgniter\Database\Exceptions\DatabaseException: Unable to connect to the database.
Main connection [MySQLi]: Plugin 'mysql_native_password' is not loaded
[Method: GET, Route: r]
in SYSTEMPATH\Database\BaseConnection.php on line 465.
 1 SYSTEMPATH\Database\BaseConnection.php(614): CodeIgniter\Database\BaseConnection->initialize()
 2 SYSTEMPATH\Database\BaseBuilder.php(1649): CodeIgniter\Database\BaseConnection->query('SELECT *
FROM `carros`
ORDER BY `ID` ASC', [], false)
 3 SYSTEMPATH\Model.php(286): CodeIgniter\Database\BaseBuilder->get()
 4 SYSTEMPATH\BaseModel.php(677): CodeIgniter\Model->doFindAll(0, 0)
 5 APPPATH\Controllers\C_carros.php(11): CodeIgniter\BaseModel->findAll()
 6 SYSTEMPATH\CodeIgniter.php(933): App\Controllers\C_carros->index()
 7 SYSTEMPATH\CodeIgniter.php(507): CodeIgniter\CodeIgniter->runController(Object(App\Controllers\C_carros))
 8 SYSTEMPATH\CodeIgniter.php(354): CodeIgniter\CodeIgniter->handleRequest(null, Object(Config\Cache), false)
 9 SYSTEMPATH\Boot.php(363): CodeIgniter\CodeIgniter->run()
10 SYSTEMPATH\Boot.php(68): CodeIgniter\Boot::runCodeIgniter(Object(CodeIgniter\CodeIgniter))
11 FCPATH\index.php(59): CodeIgniter\Boot::bootWeb(Object(Config\Paths))
ERROR - 2025-11-03 06:47:09 --> Error connecting to the database: mysqli_sql_exception: Plugin 'mysql_native_password' is not loaded in C:\laragon\www\crud\system\Database\MySQLi\Connection.php:201
Stack trace:
#0 C:\laragon\www\crud\system\Database\MySQLi\Connection.php(201): mysqli->real_connect('localhost', '', Object(SensitiveParameterValue), '', 3306, '', 0)
#1 C:\laragon\www\crud\system\Database\BaseConnection.php(419): CodeIgniter\Database\MySQLi\Connection->connect(false)
#2 C:\laragon\www\crud\system\Database\BaseConnection.php(614): CodeIgniter\Database\BaseConnection->initialize()
#3 C:\laragon\www\crud\system\Database\BaseBuilder.php(1649): CodeIgniter\Database\BaseConnection->query('SELECT *\nFROM `...', Array, false)
#4 C:\laragon\www\crud\system\Model.php(286): CodeIgniter\Database\BaseBuilder->get()
#5 C:\laragon\www\crud\system\BaseModel.php(677): CodeIgniter\Model->doFindAll(0, 0)
#6 C:\laragon\www\crud\app\Controllers\C_carros.php(11): CodeIgniter\BaseModel->findAll()
#7 C:\laragon\www\crud\system\CodeIgniter.php(933): App\Controllers\C_carros->index()
#8 C:\laragon\www\crud\system\CodeIgniter.php(507): CodeIgniter\CodeIgniter->runController(Object(App\Controllers\C_carros))
#9 C:\laragon\www\crud\system\CodeIgniter.php(354): CodeIgniter\CodeIgniter->handleRequest(NULL, Object(Config\Cache), false)
#10 C:\laragon\www\crud\system\Boot.php(363): CodeIgniter\CodeIgniter->run()
#11 C:\laragon\www\crud\system\Boot.php(68): CodeIgniter\Boot::runCodeIgniter(Object(CodeIgniter\CodeIgniter))
#12 C:\laragon\www\crud\public\index.php(59): CodeIgniter\Boot::bootWeb(Object(Config\Paths))
#13 {main}

Next CodeIgniter\Database\Exceptions\DatabaseException: Plugin 'mysql_native_password' is not loaded in C:\laragon\www\crud\system\Database\MySQLi\Connection.php:246
Stack trace:
#0 C:\laragon\www\crud\system\Database\BaseConnection.php(419): CodeIgniter\Database\MySQLi\Connection->connect(false)
#1 C:\laragon\www\crud\system\Database\BaseConnection.php(614): CodeIgniter\Database\BaseConnection->initialize()
#2 C:\laragon\www\crud\system\Database\BaseBuilder.php(1649): CodeIgniter\Database\BaseConnection->query('SELECT *\nFROM `...', Array, false)
#3 C:\laragon\www\crud\system\Model.php(286): CodeIgniter\Database\BaseBuilder->get()
#4 C:\laragon\www\crud\system\BaseModel.php(677): CodeIgniter\Model->doFindAll(0, 0)
#5 C:\laragon\www\crud\app\Controllers\C_carros.php(11): CodeIgniter\BaseModel->findAll()
#6 C:\laragon\www\crud\system\CodeIgniter.php(933): App\Controllers\C_carros->index()
#7 C:\laragon\www\crud\system\CodeIgniter.php(507): CodeIgniter\CodeIgniter->runController(Object(App\Controllers\C_carros))
#8 C:\laragon\www\crud\system\CodeIgniter.php(354): CodeIgniter\CodeIgniter->handleRequest(NULL, Object(Config\Cache), false)
#9 C:\laragon\www\crud\system\Boot.php(363): CodeIgniter\CodeIgniter->run()
#10 C:\laragon\www\crud\system\Boot.php(68): CodeIgniter\Boot::runCodeIgniter(Object(CodeIgniter\CodeIgniter))
#11 C:\laragon\www\crud\public\index.php(59): CodeIgniter\Boot::bootWeb(Object(Config\Paths))
#12 {main}
CRITICAL - 2025-11-03 06:47:09 --> CodeIgniter\Database\Exceptions\DatabaseException: Unable to connect to the database.
Main connection [MySQLi]: Plugin 'mysql_native_password' is not loaded
[Method: GET, Route: r]
in SYSTEMPATH\Database\BaseConnection.php on line 465.
 1 SYSTEMPATH\Database\BaseConnection.php(614): CodeIgniter\Database\BaseConnection->initialize()
 2 SYSTEMPATH\Database\BaseBuilder.php(1649): CodeIgniter\Database\BaseConnection->query('SELECT *
FROM `carros`
ORDER BY `ID` ASC', [], false)
 3 SYSTEMPATH\Model.php(286): CodeIgniter\Database\BaseBuilder->get()
 4 SYSTEMPATH\BaseModel.php(677): CodeIgniter\Model->doFindAll(0, 0)
 5 APPPATH\Controllers\C_carros.php(11): CodeIgniter\BaseModel->findAll()
 6 SYSTEMPATH\CodeIgniter.php(933): App\Controllers\C_carros->index()
 7 SYSTEMPATH\CodeIgniter.php(507): CodeIgniter\CodeIgniter->runController(Object(App\Controllers\C_carros))
 8 SYSTEMPATH\CodeIgniter.php(354): CodeIgniter\CodeIgniter->handleRequest(null, Object(Config\Cache), false)
 9 SYSTEMPATH\Boot.php(363): CodeIgniter\CodeIgniter->run()
10 SYSTEMPATH\Boot.php(68): CodeIgniter\Boot::runCodeIgniter(Object(CodeIgniter\CodeIgniter))
11 FCPATH\index.php(59): CodeIgniter\Boot::bootWeb(Object(Config\Paths))
ERROR - 2025-11-03 06:47:11 --> Error connecting to the database: mysqli_sql_exception: Plugin 'mysql_native_password' is not loaded in C:\laragon\www\crud\system\Database\MySQLi\Connection.php:201
Stack trace:
#0 C:\laragon\www\crud\system\Database\MySQLi\Connection.php(201): mysqli->real_connect('localhost', '', Object(SensitiveParameterValue), '', 3306, '', 0)
#1 C:\laragon\www\crud\system\Database\BaseConnection.php(419): CodeIgniter\Database\MySQLi\Connection->connect(false)
#2 C:\laragon\www\crud\system\Database\BaseConnection.php(614): CodeIgniter\Database\BaseConnection->initialize()
#3 C:\laragon\www\crud\system\Database\BaseBuilder.php(1649): CodeIgniter\Database\BaseConnection->query('SELECT *\nFROM `...', Array, false)
#4 C:\laragon\www\crud\system\Model.php(286): CodeIgniter\Database\BaseBuilder->get()
#5 C:\laragon\www\crud\system\BaseModel.php(677): CodeIgniter\Model->doFindAll(0, 0)
#6 C:\laragon\www\crud\app\Controllers\C_carros.php(11): CodeIgniter\BaseModel->findAll()
#7 C:\laragon\www\crud\system\CodeIgniter.php(933): App\Controllers\C_carros->index()
#8 C:\laragon\www\crud\system\CodeIgniter.php(507): CodeIgniter\CodeIgniter->runController(Object(App\Controllers\C_carros))
#9 C:\laragon\www\crud\system\CodeIgniter.php(354): CodeIgniter\CodeIgniter->handleRequest(NULL, Object(Config\Cache), false)
#10 C:\laragon\www\crud\system\Boot.php(363): CodeIgniter\CodeIgniter->run()
#11 C:\laragon\www\crud\system\Boot.php(68): CodeIgniter\Boot::runCodeIgniter(Object(CodeIgniter\CodeIgniter))
#12 C:\laragon\www\crud\public\index.php(59): CodeIgniter\Boot::bootWeb(Object(Config\Paths))
#13 {main}

Next CodeIgniter\Database\Exceptions\DatabaseException: Plugin 'mysql_native_password' is not loaded in C:\laragon\www\crud\system\Database\MySQLi\Connection.php:246
Stack trace:
#0 C:\laragon\www\crud\system\Database\BaseConnection.php(419): CodeIgniter\Database\MySQLi\Connection->connect(false)
#1 C:\laragon\www\crud\system\Database\BaseConnection.php(614): CodeIgniter\Database\BaseConnection->initialize()
#2 C:\laragon\www\crud\system\Database\BaseBuilder.php(1649): CodeIgniter\Database\BaseConnection->query('SELECT *\nFROM `...', Array, false)
#3 C:\laragon\www\crud\system\Model.php(286): CodeIgniter\Database\BaseBuilder->get()
#4 C:\laragon\www\crud\system\BaseModel.php(677): CodeIgniter\Model->doFindAll(0, 0)
#5 C:\laragon\www\crud\app\Controllers\C_carros.php(11): CodeIgniter\BaseModel->findAll()
#6 C:\laragon\www\crud\system\CodeIgniter.php(933): App\Controllers\C_carros->index()
#7 C:\laragon\www\crud\system\CodeIgniter.php(507): CodeIgniter\CodeIgniter->runController(Object(App\Controllers\C_carros))
#8 C:\laragon\www\crud\system\CodeIgniter.php(354): CodeIgniter\CodeIgniter->handleRequest(NULL, Object(Config\Cache), false)
#9 C:\laragon\www\crud\system\Boot.php(363): CodeIgniter\CodeIgniter->run()
#10 C:\laragon\www\crud\system\Boot.php(68): CodeIgniter\Boot::runCodeIgniter(Object(CodeIgniter\CodeIgniter))
#11 C:\laragon\www\crud\public\index.php(59): CodeIgniter\Boot::bootWeb(Object(Config\Paths))
#12 {main}
CRITICAL - 2025-11-03 06:47:11 --> CodeIgniter\Database\Exceptions\DatabaseException: Unable to connect to the database.
Main connection [MySQLi]: Plugin 'mysql_native_password' is not loaded
[Method: GET, Route: r]
in SYSTEMPATH\Database\BaseConnection.php on line 465.
 1 SYSTEMPATH\Database\BaseConnection.php(614): CodeIgniter\Database\BaseConnection->initialize()
 2 SYSTEMPATH\Database\BaseBuilder.php(1649): CodeIgniter\Database\BaseConnection->query('SELECT *
FROM `carros`
ORDER BY `ID` ASC', [], false)
 3 SYSTEMPATH\Model.php(286): CodeIgniter\Database\BaseBuilder->get()
 4 SYSTEMPATH\BaseModel.php(677): CodeIgniter\Model->doFindAll(0, 0)
 5 APPPATH\Controllers\C_carros.php(11): CodeIgniter\BaseModel->findAll()
 6 SYSTEMPATH\CodeIgniter.php(933): App\Controllers\C_carros->index()
 7 SYSTEMPATH\CodeIgniter.php(507): CodeIgniter\CodeIgniter->runController(Object(App\Controllers\C_carros))
 8 SYSTEMPATH\CodeIgniter.php(354): CodeIgniter\CodeIgniter->handleRequest(null, Object(Config\Cache), false)
 9 SYSTEMPATH\Boot.php(363): CodeIgniter\CodeIgniter->run()
10 SYSTEMPATH\Boot.php(68): CodeIgniter\Boot::runCodeIgniter(Object(CodeIgniter\CodeIgniter))
11 FCPATH\index.php(59): CodeIgniter\Boot::bootWeb(Object(Config\Paths))
ERROR - 2025-11-03 06:47:11 --> Error connecting to the database: mysqli_sql_exception: Plugin 'mysql_native_password' is not loaded in C:\laragon\www\crud\system\Database\MySQLi\Connection.php:201
Stack trace:
#0 C:\laragon\www\crud\system\Database\MySQLi\Connection.php(201): mysqli->real_connect('localhost', '', Object(SensitiveParameterValue), '', 3306, '', 0)
#1 C:\laragon\www\crud\system\Database\BaseConnection.php(419): CodeIgniter\Database\MySQLi\Connection->connect(false)
#2 C:\laragon\www\crud\system\Database\BaseConnection.php(614): CodeIgniter\Database\BaseConnection->initialize()
#3 C:\laragon\www\crud\system\Database\BaseBuilder.php(1649): CodeIgniter\Database\BaseConnection->query('SELECT *\nFROM `...', Array, false)
#4 C:\laragon\www\crud\system\Model.php(286): CodeIgniter\Database\BaseBuilder->get()
#5 C:\laragon\www\crud\system\BaseModel.php(677): CodeIgniter\Model->doFindAll(0, 0)
#6 C:\laragon\www\crud\app\Controllers\C_carros.php(11): CodeIgniter\BaseModel->findAll()
#7 C:\laragon\www\crud\system\CodeIgniter.php(933): App\Controllers\C_carros->index()
#8 C:\laragon\www\crud\system\CodeIgniter.php(507): CodeIgniter\CodeIgniter->runController(Object(App\Controllers\C_carros))
#9 C:\laragon\www\crud\system\CodeIgniter.php(354): CodeIgniter\CodeIgniter->handleRequest(NULL, Object(Config\Cache), false)
#10 C:\laragon\www\crud\system\Boot.php(363): CodeIgniter\CodeIgniter->run()
#11 C:\laragon\www\crud\system\Boot.php(68): CodeIgniter\Boot::runCodeIgniter(Object(CodeIgniter\CodeIgniter))
#12 C:\laragon\www\crud\public\index.php(59): CodeIgniter\Boot::bootWeb(Object(Config\Paths))
#13 {main}

Next CodeIgniter\Database\Exceptions\DatabaseException: Plugin 'mysql_native_password' is not loaded in C:\laragon\www\crud\system\Database\MySQLi\Connection.php:246
Stack trace:
#0 C:\laragon\www\crud\system\Database\BaseConnection.php(419): CodeIgniter\Database\MySQLi\Connection->connect(false)
#1 C:\laragon\www\crud\system\Database\BaseConnection.php(614): CodeIgniter\Database\BaseConnection->initialize()
#2 C:\laragon\www\crud\system\Database\BaseBuilder.php(1649): CodeIgniter\Database\BaseConnection->query('SELECT *\nFROM `...', Array, false)
#3 C:\laragon\www\crud\system\Model.php(286): CodeIgniter\Database\BaseBuilder->get()
#4 C:\laragon\www\crud\system\BaseModel.php(677): CodeIgniter\Model->doFindAll(0, 0)
#5 C:\laragon\www\crud\app\Controllers\C_carros.php(11): CodeIgniter\BaseModel->findAll()
#6 C:\laragon\www\crud\system\CodeIgniter.php(933): App\Controllers\C_carros->index()
#7 C:\laragon\www\crud\system\CodeIgniter.php(507): CodeIgniter\CodeIgniter->runController(Object(App\Controllers\C_carros))
#8 C:\laragon\www\crud\system\CodeIgniter.php(354): CodeIgniter\CodeIgniter->handleRequest(NULL, Object(Config\Cache), false)
#9 C:\laragon\www\crud\system\Boot.php(363): CodeIgniter\CodeIgniter->run()
#10 C:\laragon\www\crud\system\Boot.php(68): CodeIgniter\Boot::runCodeIgniter(Object(CodeIgniter\CodeIgniter))
#11 C:\laragon\www\crud\public\index.php(59): CodeIgniter\Boot::bootWeb(Object(Config\Paths))
#12 {main}
CRITICAL - 2025-11-03 06:47:11 --> CodeIgniter\Database\Exceptions\DatabaseException: Unable to connect to the database.
Main connection [MySQLi]: Plugin 'mysql_native_password' is not loaded
[Method: GET, Route: r]
in SYSTEMPATH\Database\BaseConnection.php on line 465.
 1 SYSTEMPATH\Database\BaseConnection.php(614): CodeIgniter\Database\BaseConnection->initialize()
 2 SYSTEMPATH\Database\BaseBuilder.php(1649): CodeIgniter\Database\BaseConnection->query('SELECT *
FROM `carros`
ORDER BY `ID` ASC', [], false)
 3 SYSTEMPATH\Model.php(286): CodeIgniter\Database\BaseBuilder->get()
 4 SYSTEMPATH\BaseModel.php(677): CodeIgniter\Model->doFindAll(0, 0)
 5 APPPATH\Controllers\C_carros.php(11): CodeIgniter\BaseModel->findAll()
 6 SYSTEMPATH\CodeIgniter.php(933): App\Controllers\C_carros->index()
 7 SYSTEMPATH\CodeIgniter.php(507): CodeIgniter\CodeIgniter->runController(Object(App\Controllers\C_carros))
 8 SYSTEMPATH\CodeIgniter.php(354): CodeIgniter\CodeIgniter->handleRequest(null, Object(Config\Cache), false)
 9 SYSTEMPATH\Boot.php(363): CodeIgniter\CodeIgniter->run()
10 SYSTEMPATH\Boot.php(68): CodeIgniter\Boot::runCodeIgniter(Object(CodeIgniter\CodeIgniter))
11 FCPATH\index.php(59): CodeIgniter\Boot::bootWeb(Object(Config\Paths))
ERROR - 2025-11-03 06:48:44 --> Error connecting to the database: mysqli_sql_exception: Plugin 'mysql_native_password' is not loaded in C:\laragon\www\crud\system\Database\MySQLi\Connection.php:201
Stack trace:
#0 C:\laragon\www\crud\system\Database\MySQLi\Connection.php(201): mysqli->real_connect('localhost', '', Object(SensitiveParameterValue), '', 3306, '', 0)
#1 C:\laragon\www\crud\system\Database\BaseConnection.php(419): CodeIgniter\Database\MySQLi\Connection->connect(false)
#2 C:\laragon\www\crud\system\Database\BaseConnection.php(614): CodeIgniter\Database\BaseConnection->initialize()
#3 C:\laragon\www\crud\system\Database\BaseBuilder.php(1649): CodeIgniter\Database\BaseConnection->query('SELECT *\nFROM `...', Array, false)
#4 C:\laragon\www\crud\system\Model.php(286): CodeIgniter\Database\BaseBuilder->get()
#5 C:\laragon\www\crud\system\BaseModel.php(677): CodeIgniter\Model->doFindAll(0, 0)
#6 C:\laragon\www\crud\app\Controllers\C_carros.php(11): CodeIgniter\BaseModel->findAll()
#7 C:\laragon\www\crud\system\CodeIgniter.php(933): App\Controllers\C_carros->index()
#8 C:\laragon\www\crud\system\CodeIgniter.php(507): CodeIgniter\CodeIgniter->runController(Object(App\Controllers\C_carros))
#9 C:\laragon\www\crud\system\CodeIgniter.php(354): CodeIgniter\CodeIgniter->handleRequest(NULL, Object(Config\Cache), false)
#10 C:\laragon\www\crud\system\Boot.php(363): CodeIgniter\CodeIgniter->run()
#11 C:\laragon\www\crud\system\Boot.php(68): CodeIgniter\Boot::runCodeIgniter(Object(CodeIgniter\CodeIgniter))
#12 C:\laragon\www\crud\public\index.php(59): CodeIgniter\Boot::bootWeb(Object(Config\Paths))
#13 {main}

Next CodeIgniter\Database\Exceptions\DatabaseException: Plugin 'mysql_native_password' is not loaded in C:\laragon\www\crud\system\Database\MySQLi\Connection.php:246
Stack trace:
#0 C:\laragon\www\crud\system\Database\BaseConnection.php(419): CodeIgniter\Database\MySQLi\Connection->connect(false)
#1 C:\laragon\www\crud\system\Database\BaseConnection.php(614): CodeIgniter\Database\BaseConnection->initialize()
#2 C:\laragon\www\crud\system\Database\BaseBuilder.php(1649): CodeIgniter\Database\BaseConnection->query('SELECT *\nFROM `...', Array, false)
#3 C:\laragon\www\crud\system\Model.php(286): CodeIgniter\Database\BaseBuilder->get()
#4 C:\laragon\www\crud\system\BaseModel.php(677): CodeIgniter\Model->doFindAll(0, 0)
#5 C:\laragon\www\crud\app\Controllers\C_carros.php(11): CodeIgniter\BaseModel->findAll()
#6 C:\laragon\www\crud\system\CodeIgniter.php(933): App\Controllers\C_carros->index()
#7 C:\laragon\www\crud\system\CodeIgniter.php(507): CodeIgniter\CodeIgniter->runController(Object(App\Controllers\C_carros))
#8 C:\laragon\www\crud\system\CodeIgniter.php(354): CodeIgniter\CodeIgniter->handleRequest(NULL, Object(Config\Cache), false)
#9 C:\laragon\www\crud\system\Boot.php(363): CodeIgniter\CodeIgniter->run()
#10 C:\laragon\www\crud\system\Boot.php(68): CodeIgniter\Boot::runCodeIgniter(Object(CodeIgniter\CodeIgniter))
#11 C:\laragon\www\crud\public\index.php(59): CodeIgniter\Boot::bootWeb(Object(Config\Paths))
#12 {main}
CRITICAL - 2025-11-03 06:48:44 --> CodeIgniter\Database\Exceptions\DatabaseException: Unable to connect to the database.
Main connection [MySQLi]: Plugin 'mysql_native_password' is not loaded
[Method: GET, Route: r]
in SYSTEMPATH\Database\BaseConnection.php on line 465.
 1 SYSTEMPATH\Database\BaseConnection.php(614): CodeIgniter\Database\BaseConnection->initialize()
 2 SYSTEMPATH\Database\BaseBuilder.php(1649): CodeIgniter\Database\BaseConnection->query('SELECT *
FROM `carros`
ORDER BY `ID` ASC', [], false)
 3 SYSTEMPATH\Model.php(286): CodeIgniter\Database\BaseBuilder->get()
 4 SYSTEMPATH\BaseModel.php(677): CodeIgniter\Model->doFindAll(0, 0)
 5 APPPATH\Controllers\C_carros.php(11): CodeIgniter\BaseModel->findAll()
 6 SYSTEMPATH\CodeIgniter.php(933): App\Controllers\C_carros->index()
 7 SYSTEMPATH\CodeIgniter.php(507): CodeIgniter\CodeIgniter->runController(Object(App\Controllers\C_carros))
 8 SYSTEMPATH\CodeIgniter.php(354): CodeIgniter\CodeIgniter->handleRequest(null, Object(Config\Cache), false)
 9 SYSTEMPATH\Boot.php(363): CodeIgniter\CodeIgniter->run()
10 SYSTEMPATH\Boot.php(68): CodeIgniter\Boot::runCodeIgniter(Object(CodeIgniter\CodeIgniter))
11 FCPATH\index.php(59): CodeIgniter\Boot::bootWeb(Object(Config\Paths))
ERROR - 2025-11-03 06:50:54 --> Error connecting to the database: mysqli_sql_exception: Plugin 'mysql_native_password' is not loaded in C:\laragon\www\crud\system\Database\MySQLi\Connection.php:201
Stack trace:
#0 C:\laragon\www\crud\system\Database\MySQLi\Connection.php(201): mysqli->real_connect('localhost', '', Object(SensitiveParameterValue), '', 3306, '', 0)
#1 C:\laragon\www\crud\system\Database\BaseConnection.php(419): CodeIgniter\Database\MySQLi\Connection->connect(false)
#2 C:\laragon\www\crud\system\Database\BaseConnection.php(614): CodeIgniter\Database\BaseConnection->initialize()
#3 C:\laragon\www\crud\system\Database\BaseBuilder.php(1649): CodeIgniter\Database\BaseConnection->query('SELECT *\nFROM `...', Array, false)
#4 C:\laragon\www\crud\system\Model.php(286): CodeIgniter\Database\BaseBuilder->get()
#5 C:\laragon\www\crud\system\BaseModel.php(677): CodeIgniter\Model->doFindAll(0, 0)
#6 C:\laragon\www\crud\app\Controllers\C_carros.php(11): CodeIgniter\BaseModel->findAll()
#7 C:\laragon\www\crud\system\CodeIgniter.php(933): App\Controllers\C_carros->index()
#8 C:\laragon\www\crud\system\CodeIgniter.php(507): CodeIgniter\CodeIgniter->runController(Object(App\Controllers\C_carros))
#9 C:\laragon\www\crud\system\CodeIgniter.php(354): CodeIgniter\CodeIgniter->handleRequest(NULL, Object(Config\Cache), false)
#10 C:\laragon\www\crud\system\Boot.php(363): CodeIgniter\CodeIgniter->run()
#11 C:\laragon\www\crud\system\Boot.php(68): CodeIgniter\Boot::runCodeIgniter(Object(CodeIgniter\CodeIgniter))
#12 C:\laragon\www\crud\public\index.php(59): CodeIgniter\Boot::bootWeb(Object(Config\Paths))
#13 {main}

Next CodeIgniter\Database\Exceptions\DatabaseException: Plugin 'mysql_native_password' is not loaded in C:\laragon\www\crud\system\Database\MySQLi\Connection.php:246
Stack trace:
#0 C:\laragon\www\crud\system\Database\BaseConnection.php(419): CodeIgniter\Database\MySQLi\Connection->connect(false)
#1 C:\laragon\www\crud\system\Database\BaseConnection.php(614): CodeIgniter\Database\BaseConnection->initialize()
#2 C:\laragon\www\crud\system\Database\BaseBuilder.php(1649): CodeIgniter\Database\BaseConnection->query('SELECT *\nFROM `...', Array, false)
#3 C:\laragon\www\crud\system\Model.php(286): CodeIgniter\Database\BaseBuilder->get()
#4 C:\laragon\www\crud\system\BaseModel.php(677): CodeIgniter\Model->doFindAll(0, 0)
#5 C:\laragon\www\crud\app\Controllers\C_carros.php(11): CodeIgniter\BaseModel->findAll()
#6 C:\laragon\www\crud\system\CodeIgniter.php(933): App\Controllers\C_carros->index()
#7 C:\laragon\www\crud\system\CodeIgniter.php(507): CodeIgniter\CodeIgniter->runController(Object(App\Controllers\C_carros))
#8 C:\laragon\www\crud\system\CodeIgniter.php(354): CodeIgniter\CodeIgniter->handleRequest(NULL, Object(Config\Cache), false)
#9 C:\laragon\www\crud\system\Boot.php(363): CodeIgniter\CodeIgniter->run()
#10 C:\laragon\www\crud\system\Boot.php(68): CodeIgniter\Boot::runCodeIgniter(Object(CodeIgniter\CodeIgniter))
#11 C:\laragon\www\crud\public\index.php(59): CodeIgniter\Boot::bootWeb(Object(Config\Paths))
#12 {main}
CRITICAL - 2025-11-03 06:50:54 --> CodeIgniter\Database\Exceptions\DatabaseException: Unable to connect to the database.
Main connection [MySQLi]: Plugin 'mysql_native_password' is not loaded
[Method: GET, Route: r]
in SYSTEMPATH\Database\BaseConnection.php on line 465.
 1 SYSTEMPATH\Database\BaseConnection.php(614): CodeIgniter\Database\BaseConnection->initialize()
 2 SYSTEMPATH\Database\BaseBuilder.php(1649): CodeIgniter\Database\BaseConnection->query('SELECT *
FROM `carros`
ORDER BY `ID` ASC', [], false)
 3 SYSTEMPATH\Model.php(286): CodeIgniter\Database\BaseBuilder->get()
 4 SYSTEMPATH\BaseModel.php(677): CodeIgniter\Model->doFindAll(0, 0)
 5 APPPATH\Controllers\C_carros.php(11): CodeIgniter\BaseModel->findAll()
 6 SYSTEMPATH\CodeIgniter.php(933): App\Controllers\C_carros->index()
 7 SYSTEMPATH\CodeIgniter.php(507): CodeIgniter\CodeIgniter->runController(Object(App\Controllers\C_carros))
 8 SYSTEMPATH\CodeIgniter.php(354): CodeIgniter\CodeIgniter->handleRequest(null, Object(Config\Cache), false)
 9 SYSTEMPATH\Boot.php(363): CodeIgniter\CodeIgniter->run()
10 SYSTEMPATH\Boot.php(68): CodeIgniter\Boot::runCodeIgniter(Object(CodeIgniter\CodeIgniter))
11 FCPATH\index.php(59): CodeIgniter\Boot::bootWeb(Object(Config\Paths))
ERROR - 2025-11-03 06:51:50 --> Error connecting to the database: mysqli_sql_exception: Plugin 'mysql_native_password' is not loaded in C:\laragon\www\crud\system\Database\MySQLi\Connection.php:201
Stack trace:
#0 C:\laragon\www\crud\system\Database\MySQLi\Connection.php(201): mysqli->real_connect('localhost', '', Object(SensitiveParameterValue), '', 3306, '', 0)
#1 C:\laragon\www\crud\system\Database\BaseConnection.php(419): CodeIgniter\Database\MySQLi\Connection->connect(false)
#2 C:\laragon\www\crud\system\Database\BaseConnection.php(614): CodeIgniter\Database\BaseConnection->initialize()
#3 C:\laragon\www\crud\system\Database\BaseBuilder.php(1649): CodeIgniter\Database\BaseConnection->query('SELECT *\nFROM `...', Array, false)
#4 C:\laragon\www\crud\system\Model.php(286): CodeIgniter\Database\BaseBuilder->get()
#5 C:\laragon\www\crud\system\BaseModel.php(677): CodeIgniter\Model->doFindAll(0, 0)
#6 C:\laragon\www\crud\app\Controllers\C_carros.php(11): CodeIgniter\BaseModel->findAll()
#7 C:\laragon\www\crud\system\CodeIgniter.php(933): App\Controllers\C_carros->index()
#8 C:\laragon\www\crud\system\CodeIgniter.php(507): CodeIgniter\CodeIgniter->runController(Object(App\Controllers\C_carros))
#9 C:\laragon\www\crud\system\CodeIgniter.php(354): CodeIgniter\CodeIgniter->handleRequest(NULL, Object(Config\Cache), false)
#10 C:\laragon\www\crud\system\Boot.php(363): CodeIgniter\CodeIgniter->run()
#11 C:\laragon\www\crud\system\Boot.php(68): CodeIgniter\Boot::runCodeIgniter(Object(CodeIgniter\CodeIgniter))
#12 C:\laragon\www\crud\public\index.php(59): CodeIgniter\Boot::bootWeb(Object(Config\Paths))
#13 {main}

Next CodeIgniter\Database\Exceptions\DatabaseException: Plugin 'mysql_native_password' is not loaded in C:\laragon\www\crud\system\Database\MySQLi\Connection.php:246
Stack trace:
#0 C:\laragon\www\crud\system\Database\BaseConnection.php(419): CodeIgniter\Database\MySQLi\Connection->connect(false)
#1 C:\laragon\www\crud\system\Database\BaseConnection.php(614): CodeIgniter\Database\BaseConnection->initialize()
#2 C:\laragon\www\crud\system\Database\BaseBuilder.php(1649): CodeIgniter\Database\BaseConnection->query('SELECT *\nFROM `...', Array, false)
#3 C:\laragon\www\crud\system\Model.php(286): CodeIgniter\Database\BaseBuilder->get()
#4 C:\laragon\www\crud\system\BaseModel.php(677): CodeIgniter\Model->doFindAll(0, 0)
#5 C:\laragon\www\crud\app\Controllers\C_carros.php(11): CodeIgniter\BaseModel->findAll()
#6 C:\laragon\www\crud\system\CodeIgniter.php(933): App\Controllers\C_carros->index()
#7 C:\laragon\www\crud\system\CodeIgniter.php(507): CodeIgniter\CodeIgniter->runController(Object(App\Controllers\C_carros))
#8 C:\laragon\www\crud\system\CodeIgniter.php(354): CodeIgniter\CodeIgniter->handleRequest(NULL, Object(Config\Cache), false)
#9 C:\laragon\www\crud\system\Boot.php(363): CodeIgniter\CodeIgniter->run()
#10 C:\laragon\www\crud\system\Boot.php(68): CodeIgniter\Boot::runCodeIgniter(Object(CodeIgniter\CodeIgniter))
#11 C:\laragon\www\crud\public\index.php(59): CodeIgniter\Boot::bootWeb(Object(Config\Paths))
#12 {main}
CRITICAL - 2025-11-03 06:51:50 --> CodeIgniter\Database\Exceptions\DatabaseException: Unable to connect to the database.
Main connection [MySQLi]: Plugin 'mysql_native_password' is not loaded
[Method: GET, Route: r]
in SYSTEMPATH\Database\BaseConnection.php on line 465.
 1 SYSTEMPATH\Database\BaseConnection.php(614): CodeIgniter\Database\BaseConnection->initialize()
 2 SYSTEMPATH\Database\BaseBuilder.php(1649): CodeIgniter\Database\BaseConnection->query('SELECT *
FROM `carros`
ORDER BY `ID` ASC', [], false)
 3 SYSTEMPATH\Model.php(286): CodeIgniter\Database\BaseBuilder->get()
 4 SYSTEMPATH\BaseModel.php(677): CodeIgniter\Model->doFindAll(0, 0)
 5 APPPATH\Controllers\C_carros.php(11): CodeIgniter\BaseModel->findAll()
 6 SYSTEMPATH\CodeIgniter.php(933): App\Controllers\C_carros->index()
 7 SYSTEMPATH\CodeIgniter.php(507): CodeIgniter\CodeIgniter->runController(Object(App\Controllers\C_carros))
 8 SYSTEMPATH\CodeIgniter.php(354): CodeIgniter\CodeIgniter->handleRequest(null, Object(Config\Cache), false)
 9 SYSTEMPATH\Boot.php(363): CodeIgniter\CodeIgniter->run()
10 SYSTEMPATH\Boot.php(68): CodeIgniter\Boot::runCodeIgniter(Object(CodeIgniter\CodeIgniter))
11 FCPATH\index.php(59): CodeIgniter\Boot::bootWeb(Object(Config\Paths))
ERROR - 2025-11-03 07:00:12 --> Error connecting to the database: mysqli_sql_exception: Plugin 'mysql_native_password' is not loaded in C:\laragon\www\crud\system\Database\MySQLi\Connection.php:201
Stack trace:
#0 C:\laragon\www\crud\system\Database\MySQLi\Connection.php(201): mysqli->real_connect('localhost', '', Object(SensitiveParameterValue), '', 3306, '', 0)
#1 C:\laragon\www\crud\system\Database\BaseConnection.php(419): CodeIgniter\Database\MySQLi\Connection->connect(false)
#2 C:\laragon\www\crud\system\Database\BaseConnection.php(614): CodeIgniter\Database\BaseConnection->initialize()
#3 C:\laragon\www\crud\system\Database\BaseBuilder.php(1649): CodeIgniter\Database\BaseConnection->query('SELECT *\nFROM `...', Array, false)
#4 C:\laragon\www\crud\system\Model.php(286): CodeIgniter\Database\BaseBuilder->get()
#5 C:\laragon\www\crud\system\BaseModel.php(677): CodeIgniter\Model->doFindAll(0, 0)
#6 C:\laragon\www\crud\app\Controllers\C_carros.php(11): CodeIgniter\BaseModel->findAll()
#7 C:\laragon\www\crud\system\CodeIgniter.php(933): App\Controllers\C_carros->index()
#8 C:\laragon\www\crud\system\CodeIgniter.php(507): CodeIgniter\CodeIgniter->runController(Object(App\Controllers\C_carros))
#9 C:\laragon\www\crud\system\CodeIgniter.php(354): CodeIgniter\CodeIgniter->handleRequest(NULL, Object(Config\Cache), false)
#10 C:\laragon\www\crud\system\Boot.php(363): CodeIgniter\CodeIgniter->run()
#11 C:\laragon\www\crud\system\Boot.php(68): CodeIgniter\Boot::runCodeIgniter(Object(CodeIgniter\CodeIgniter))
#12 C:\laragon\www\crud\public\index.php(59): CodeIgniter\Boot::bootWeb(Object(Config\Paths))
#13 {main}

Next CodeIgniter\Database\Exceptions\DatabaseException: Plugin 'mysql_native_password' is not loaded in C:\laragon\www\crud\system\Database\MySQLi\Connection.php:246
Stack trace:
#0 C:\laragon\www\crud\system\Database\BaseConnection.php(419): CodeIgniter\Database\MySQLi\Connection->connect(false)
#1 C:\laragon\www\crud\system\Database\BaseConnection.php(614): CodeIgniter\Database\BaseConnection->initialize()
#2 C:\laragon\www\crud\system\Database\BaseBuilder.php(1649): CodeIgniter\Database\BaseConnection->query('SELECT *\nFROM `...', Array, false)
#3 C:\laragon\www\crud\system\Model.php(286): CodeIgniter\Database\BaseBuilder->get()
#4 C:\laragon\www\crud\system\BaseModel.php(677): CodeIgniter\Model->doFindAll(0, 0)
#5 C:\laragon\www\crud\app\Controllers\C_carros.php(11): CodeIgniter\BaseModel->findAll()
#6 C:\laragon\www\crud\system\CodeIgniter.php(933): App\Controllers\C_carros->index()
#7 C:\laragon\www\crud\system\CodeIgniter.php(507): CodeIgniter\CodeIgniter->runController(Object(App\Controllers\C_carros))
#8 C:\laragon\www\crud\system\CodeIgniter.php(354): CodeIgniter\CodeIgniter->handleRequest(NULL, Object(Config\Cache), false)
#9 C:\laragon\www\crud\system\Boot.php(363): CodeIgniter\CodeIgniter->run()
#10 C:\laragon\www\crud\system\Boot.php(68): CodeIgniter\Boot::runCodeIgniter(Object(CodeIgniter\CodeIgniter))
#11 C:\laragon\www\crud\public\index.php(59): CodeIgniter\Boot::bootWeb(Object(Config\Paths))
#12 {main}
CRITICAL - 2025-11-03 07:00:12 --> CodeIgniter\Database\Exceptions\DatabaseException: Unable to connect to the database.
Main connection [MySQLi]: Plugin 'mysql_native_password' is not loaded
[Method: GET, Route: r]
in SYSTEMPATH\Database\BaseConnection.php on line 465.
 1 SYSTEMPATH\Database\BaseConnection.php(614): CodeIgniter\Database\BaseConnection->initialize()
 2 SYSTEMPATH\Database\BaseBuilder.php(1649): CodeIgniter\Database\BaseConnection->query('SELECT *
FROM `carros`
ORDER BY `ID` ASC', [], false)
 3 SYSTEMPATH\Model.php(286): CodeIgniter\Database\BaseBuilder->get()
 4 SYSTEMPATH\BaseModel.php(677): CodeIgniter\Model->doFindAll(0, 0)
 5 APPPATH\Controllers\C_carros.php(11): CodeIgniter\BaseModel->findAll()
 6 SYSTEMPATH\CodeIgniter.php(933): App\Controllers\C_carros->index()
 7 SYSTEMPATH\CodeIgniter.php(507): CodeIgniter\CodeIgniter->runController(Object(App\Controllers\C_carros))
 8 SYSTEMPATH\CodeIgniter.php(354): CodeIgniter\CodeIgniter->handleRequest(null, Object(Config\Cache), false)
 9 SYSTEMPATH\Boot.php(363): CodeIgniter\CodeIgniter->run()
10 SYSTEMPATH\Boot.php(68): CodeIgniter\Boot::runCodeIgniter(Object(CodeIgniter\CodeIgniter))
11 FCPATH\index.php(59): CodeIgniter\Boot::bootWeb(Object(Config\Paths))
CRITICAL - 2025-11-03 07:04:14 --> ErrorException: Undefined variable $carro
[Method: GET, Route: r]
in APPPATH\Views\carros\r.php on line 12.
 1 APPPATH\Views\carros\r.php(12): CodeIgniter\Debug\Exceptions->errorHandler(2, 'Undefined variable $carro', 'C:\\laragon\\www\\crud\\app\\Views\\carros\\r.php', 12)
 2 SYSTEMPATH\View\View.php(226): include('C:\\laragon\\www\\crud\\app\\Views\\carros\\r.php')
 3 SYSTEMPATH\View\View.php(229): CodeIgniter\View\View->CodeIgniter\View\{closure}()
 4 SYSTEMPATH\Common.php(1167): CodeIgniter\View\View->render('carros/r', [], true)
 5 APPPATH\Controllers\C_carros.php(13): view('carros/r', [...])
 6 SYSTEMPATH\CodeIgniter.php(933): App\Controllers\C_carros->index()
 7 SYSTEMPATH\CodeIgniter.php(507): CodeIgniter\CodeIgniter->runController(Object(App\Controllers\C_carros))
 8 SYSTEMPATH\CodeIgniter.php(354): CodeIgniter\CodeIgniter->handleRequest(null, Object(Config\Cache), false)
 9 SYSTEMPATH\Boot.php(363): CodeIgniter\CodeIgniter->run()
10 SYSTEMPATH\Boot.php(68): CodeIgniter\Boot::runCodeIgniter(Object(CodeIgniter\CodeIgniter))
11 FCPATH\index.php(59): CodeIgniter\Boot::bootWeb(Object(Config\Paths))
ERROR - 2025-11-03 21:31:18 --> Error connecting to the database: mysqli_sql_exception: No se puede establecer una conexión ya que el equipo de destino denegó expresamente dicha conexión in C:\laragon\www\crud\system\Database\MySQLi\Connection.php:201
Stack trace:
#0 C:\laragon\www\crud\system\Database\MySQLi\Connection.php(201): mysqli->real_connect('localhost', 'root', Object(SensitiveParameterValue), 'chevrolet', 3306, '', 0)
#1 C:\laragon\www\crud\system\Database\BaseConnection.php(419): CodeIgniter\Database\MySQLi\Connection->connect(false)
#2 C:\laragon\www\crud\system\Database\BaseConnection.php(614): CodeIgniter\Database\BaseConnection->initialize()
#3 C:\laragon\www\crud\system\Database\BaseBuilder.php(1649): CodeIgniter\Database\BaseConnection->query('SELECT *\nFROM `...', Array, false)
#4 C:\laragon\www\crud\system\Model.php(286): CodeIgniter\Database\BaseBuilder->get()
#5 C:\laragon\www\crud\system\BaseModel.php(677): CodeIgniter\Model->doFindAll(0, 0)
#6 C:\laragon\www\crud\app\Controllers\C_carros.php(11): CodeIgniter\BaseModel->findAll()
#7 C:\laragon\www\crud\system\CodeIgniter.php(933): App\Controllers\C_carros->index()
#8 C:\laragon\www\crud\system\CodeIgniter.php(507): CodeIgniter\CodeIgniter->runController(Object(App\Controllers\C_carros))
#9 C:\laragon\www\crud\system\CodeIgniter.php(354): CodeIgniter\CodeIgniter->handleRequest(NULL, Object(Config\Cache), false)
#10 C:\laragon\www\crud\system\Boot.php(363): CodeIgniter\CodeIgniter->run()
#11 C:\laragon\www\crud\system\Boot.php(68): CodeIgniter\Boot::runCodeIgniter(Object(CodeIgniter\CodeIgniter))
#12 C:\laragon\www\crud\public\index.php(59): CodeIgniter\Boot::bootWeb(Object(Config\Paths))
#13 {main}

Next CodeIgniter\Database\Exceptions\DatabaseException: No se puede establecer una conexión ya que el equipo de destino denegó expresamente dicha conexión in C:\laragon\www\crud\system\Database\MySQLi\Connection.php:246
Stack trace:
#0 C:\laragon\www\crud\system\Database\BaseConnection.php(419): CodeIgniter\Database\MySQLi\Connection->connect(false)
#1 C:\laragon\www\crud\system\Database\BaseConnection.php(614): CodeIgniter\Database\BaseConnection->initialize()
#2 C:\laragon\www\crud\system\Database\BaseBuilder.php(1649): CodeIgniter\Database\BaseConnection->query('SELECT *\nFROM `...', Array, false)
#3 C:\laragon\www\crud\system\Model.php(286): CodeIgniter\Database\BaseBuilder->get()
#4 C:\laragon\www\crud\system\BaseModel.php(677): CodeIgniter\Model->doFindAll(0, 0)
#5 C:\laragon\www\crud\app\Controllers\C_carros.php(11): CodeIgniter\BaseModel->findAll()
#6 C:\laragon\www\crud\system\CodeIgniter.php(933): App\Controllers\C_carros->index()
#7 C:\laragon\www\crud\system\CodeIgniter.php(507): CodeIgniter\CodeIgniter->runController(Object(App\Controllers\C_carros))
#8 C:\laragon\www\crud\system\CodeIgniter.php(354): CodeIgniter\CodeIgniter->handleRequest(NULL, Object(Config\Cache), false)
#9 C:\laragon\www\crud\system\Boot.php(363): CodeIgniter\CodeIgniter->run()
#10 C:\laragon\www\crud\system\Boot.php(68): CodeIgniter\Boot::runCodeIgniter(Object(CodeIgniter\CodeIgniter))
#11 C:\laragon\www\crud\public\index.php(59): CodeIgniter\Boot::bootWeb(Object(Config\Paths))
#12 {main}
CRITICAL - 2025-11-03 21:31:18 --> CodeIgniter\Database\Exceptions\DatabaseException: Unable to connect to the database.
Main connection [MySQLi]: No se puede establecer una conexión ya que el equipo de destino denegó expresamente dicha conexión
[Method: GET, Route: r]
in SYSTEMPATH\Database\BaseConnection.php on line 465.
 1 SYSTEMPATH\Database\BaseConnection.php(614): CodeIgniter\Database\BaseConnection->initialize()
 2 SYSTEMPATH\Database\BaseBuilder.php(1649): CodeIgniter\Database\BaseConnection->query('SELECT *
FROM `carros`
ORDER BY `ID` ASC', [], false)
 3 SYSTEMPATH\Model.php(286): CodeIgniter\Database\BaseBuilder->get()
 4 SYSTEMPATH\BaseModel.php(677): CodeIgniter\Model->doFindAll(0, 0)
 5 APPPATH\Controllers\C_carros.php(11): CodeIgniter\BaseModel->findAll()
 6 SYSTEMPATH\CodeIgniter.php(933): App\Controllers\C_carros->index()
 7 SYSTEMPATH\CodeIgniter.php(507): CodeIgniter\CodeIgniter->runController(Object(App\Controllers\C_carros))
 8 SYSTEMPATH\CodeIgniter.php(354): CodeIgniter\CodeIgniter->handleRequest(null, Object(Config\Cache), false)
 9 SYSTEMPATH\Boot.php(363): CodeIgniter\CodeIgniter->run()
10 SYSTEMPATH\Boot.php(68): CodeIgniter\Boot::runCodeIgniter(Object(CodeIgniter\CodeIgniter))
11 FCPATH\index.php(59): CodeIgniter\Boot::bootWeb(Object(Config\Paths))
